id,name,age,position,Current Club,nationality,minutes_played_overall,minutes_played_home,minutes_played_away,appearances_overall,appearances_home,appearances_away,goals_overall,goals_home,goals_away,assists_overall,assists_home,assists_away,penalty_goals,penalty_misses,clean_sheets_overall,clean_sheets_home,clean_sheets_away,conceded_overall,conceded_home,conceded_away,yellow_cards_overall,red_cards_overall,goals_involved_per_90_overall,assists_per_90_overall,goals_per_90_overall,goals_per_90_home,goals_per_90_away,min_per_goal_overall,conceded_per_90_overall,min_per_conceded_overall,min_per_match,min_per_card_overall,min_per_assist_overall,cards_per_90_overall,rank_in_league_top_attackers,rank_in_league_top_midfielders,rank_in_league_top_defenders,rank_in_club_top_scorer
5,A_Cresswell,31,Defender,West Ham United,England,1589,888,701,20,11,9,0,0,0,1,1,0,0,0,3,2,1,22,12,10,1,0,0.06,0.06,0,0,0,0,1.25,72,79,1589,1589,0.06,290,191,80,20
7,A_Lennon,33,Midfielder,Burnley,England,1217,487,730,16,7,9,1,1,0,1,1,0,0,0,4,2,2,20,8,12,1,0,0.15,0.07,0.07,0.18,0,1217,1.48,61,76,1217,1217,0.07,196,187,-1,10
3,A_Mooy,30,Midfielder,Huddersfield Town,Australia,2327,1190,1137,29,15,14,3,1,2,1,0,1,1,0,4,3,1,46,20,26,4,0,0.15,0.04,0.12,0.08,0.16,776,1.78,51,80,582,2327,0.15,144,233,-1,3
11,A_Ramsey,30,Midfielder,Arsenal,Wales,1327,689,638,28,14,14,4,2,2,6,5,1,0,0,7,6,1,12,2,10,0,0,0.68,0.41,0.27,0.26,0.28,332,0.81,111,47,0,221,0,69,8,-1,5
14,A_Rowe,20,Forward,Huddersfield Town,England,69,14,55,2,1,1,0,0,0,0,0,0,0,0,0,0,0,1,0,1,0,0,0,0,0,0,0,0,1.3,69,35,0,0,0,-1,-1,-1,31
20,A_Wan-Bissaka,23,Midfielder,Crystal Palace,England,3135,1605,1530,35,18,17,0,0,0,3,1,2,0,0,12,7,5,41,17,24,5,1,0.09,0.09,0,0,0,0,1.18,76,90,523,1045,0.17,312,160,-1,22
15,A_Sabiri,24,Midfielder,Huddersfield Town,Morocco,49,0,49,2,0,2,0,0,0,0,0,0,0,0,0,0,0,3,0,3,0,0,0,0,0,0,0,0,5.51,16,25,0,0,0,-1,-1,-1,22
12,A_DoucourÃ©,28,Midfielder,Watford,France,3062,1566,1496,35,18,17,5,3,2,6,2,4,0,0,5,3,2,54,27,27,7,0,0.32,0.18,0.15,0.17,0.12,612,1.59,57,87,437,510,0.21,124,80,-1,5
9,A_Kamara,25,Forward,Fulham,France,687,468,219,13,8,5,3,1,2,0,0,0,1,1,2,1,1,16,9,7,2,0,0.39,0,0.39,0.19,0.82,229,2.1,43,53,344,0,0.26,38,412,-1,4
21,A_PeÃ±aranda_Maestre,23,Forward,Watford,Venezuela,0,0,0,0,0,0,0,0,0,0,0,0,0,0,0,0,0,0,0,0,0,0,0,0,0,0,0,0,0,0,0,0,0,0,-1,-1,-1,-1
22,A_David_Lallana,32,Midfielder,Liverpool,England,465,189,276,13,6,7,0,0,0,0,0,0,0,0,6,1,5,2,1,1,1,0,0,0,0,0,0,0,0.39,233,36,465,0,0.19,379,344,-1,18
23,A_Masina,27,Defender,Watford,Italy,1003,463,540,14,7,7,0,0,0,1,1,0,0,0,2,1,1,19,8,11,5,0,0.09,0.09,0,0,0,0,1.7,53,72,201,1003,0.45,397,155,144,20
24,A_Smith,29,Defender,AFC Bournemouth,England,2073,1051,1022,25,12,13,1,1,0,1,0,1,0,0,9,5,4,30,10,20,6,1,0.09,0.04,0.04,0.09,0,2073,1.3,69,83,296,2073,0.3,227,228,85,10
25,A_Diakhaby,24,Forward,Huddersfield Town,France,551,345,206,12,8,4,0,0,0,0,0,0,0,0,1,1,0,16,7,9,1,0,0,0,0,0,0,0,2.61,34,46,551,0,0.16,332,359,-1,26
26,A_TraorÃ©_Diarra,24,Midfielder,Wolverhampton Wanderers,Spain,890,315,575,29,12,17,1,0,1,1,1,0,0,0,6,4,2,11,2,9,1,0,0.2,0.1,0.1,0,0.16,890,1.11,81,31,890,890,0.1,160,152,-1,13
27,A_Lookman,23,Forward,Everton,England,601,334,267,21,11,10,0,0,0,2,2,0,0,0,8,5,3,7,2,5,0,0,0.3,0.3,0,0,0,0,1.05,86,29,0,301,0,292,20,-1,17
28,A_Mariappa,34,Defender,Watford,Jamaica,1921,841,1080,26,12,14,0,0,0,0,0,0,0,0,6,3,3,29,10,19,3,0,0,0,0,0,0,0,1.36,66,74,640,0,0.14,396,414,94,21
29,A¡n_San_Miguel_del_Castillo,34,Goalkeeper,West Ham United,Spain,0,0,0,0,0,0,0,0,0,0,0,0,0,0,0,0,0,0,0,0,0,0,0,0,0,0,0,0,0,0,0,0,0,0,-1,-1,-1,-1
30,A_Sebastian_Perruchet_Silva,31,Midfielder,Leicester City,Portugal,88,8,80,2,1,1,0,0,0,0,0,0,0,0,1,1,0,1,0,1,0,0,0,0,0,0,0,0,1.02,88,44,0,0,0,-1,-1,-1,15
31,A_Maitland-Niles,23,Midfielder,Arsenal,England,985,462,523,16,7,9,1,0,1,1,0,1,0,0,4,3,1,16,5,11,3,1,0.18,0.09,0.09,0,0.17,985,1.46,62,62,328,985,0.27,174,167,-1,15
32,A_Moreno,28,Defender,Liverpool,Spain,155,90,65,2,1,1,0,0,0,0,0,0,0,0,0,0,0,2,1,1,0,0,0,0,0,0,0,0,1.16,78,78,0,0,0,-1,-1,-1,17
33,A_MitroviÄ‡,26,Forward,Fulham,Serbia,3282,1616,1666,37,18,19,11,8,3,3,2,1,1,0,5,3,2,74,31,43,7,0,0.38,0.08,0.3,0.45,0.16,298,2.03,44,89,469,1094,0.19,62,176,-1,1
34,A_Iwobi,24,Forward,Arsenal,Nigeria,1972,742,1230,35,18,17,3,1,2,6,3,3,0,0,8,7,1,31,8,23,0,0,0.41,0.27,0.14,0.12,0.15,657,1.41,64,56,0,329,0,128,31,-1,8
35,A_McCarthy,31,Goalkeeper,Southampton,England,2250,1170,1080,25,13,12,0,0,0,0,0,0,0,0,4,2,2,37,16,21,1,0,0,0,0,0,0,0,1.48,61,90,2250,0,0.04,372,365,114,21
36,A_Oxlade-Chamberlain,27,Midfielder,Liverpool,England,19,19,0,2,2,0,0,0,0,0,0,0,0,0,2,2,0,0,0,0,0,0,0,0,0,0,0,0,0,0,10,0,0,0,-1,-1,-1,21
37,A_Pritchard,27,Midfielder,Huddersfield Town,England,2092,992,1100,30,14,16,2,1,1,0,0,0,0,0,4,2,2,39,16,23,2,0,0.09,0,0.09,0.09,0.08,1046,1.68,54,70,1046,0,0.09,171,373,-1,5
38,A_Smithies,30,Goalkeeper,Cardiff City,England,0,0,0,0,0,0,0,0,0,0,0,0,0,0,0,0,0,0,0,0,0,0,0,0,0,0,0,0,0,0,0,0,0,0,-1,-1,-1,-1
39,A_SÃ¸rloth,25,Forward,Crystal Palace,Norway,173,121,52,12,8,4,0,0,0,0,0,0,0,0,4,3,1,1,0,1,0,0,0,0,0,0,0,0,0.52,173,14,0,0,0,-1,-1,-1,17
40,A_Lacazette,29,Forward,Arsenal,France,2503,1403,1100,35,19,16,13,9,4,8,4,4,0,0,7,7,0,28,10,18,2,0,0.76,0.29,0.47,0.58,0.33,193,1.01,89,72,1252,313,0.07,21,25,-1,2
41,A_Nascimento_Costa_Silva,23,Forward,West Ham United,Portugal,17,0,17,1,0,1,0,0,0,0,0,0,0,0,0,0,0,0,0,0,0,0,0,0,0,0,0,0,0,0,17,0,0,0,-1,-1,-1,16
42,A_Sanchez,32,Forward,Manchester United,Chile,877,387,490,20,10,10,1,1,0,3,0,3,0,0,6,2,4,8,4,4,3,0,0.41,0.31,0.1,0.23,0,877,0.82,110,44,292,292,0.31,166,17,-1,10
43,A_Jones,23,Defender,Southampton,England,0,0,0,0,0,0,0,0,0,0,0,0,0,0,0,0,0,0,0,0,0,0,0,0,0,0,0,0,0,0,0,0,0,0,-1,-1,-1,-1
44,A_Mawson,26,Defender,Fulham,England,1131,547,584,15,8,7,0,0,0,0,0,0,0,0,3,2,1,25,10,15,2,0,0,0,0,0,0,0,1.99,45,75,566,0,0.16,307,255,161,11
45,A_Whiteman,22,Goalkeeper,Tottenham Hotspur,England,0,0,0,0,0,0,0,0,0,0,0,0,0,0,0,0,0,0,0,0,0,0,0,0,0,0,0,0,0,0,0,0,0,0,-1,-1,-1,-1
46,A_Koiki,20,Defender,Burnley,England,0,0,0,0,0,0,0,0,0,0,0,0,0,0,0,0,0,0,0,0,0,0,0,0,0,0,0,0,0,0,0,0,0,0,-1,-1,-1,-1
47,A_Jahanbakhsh,27,Forward,Brighton & Hove Albion,Iran,1022,494,528,19,9,10,0,0,0,0,0,0,0,0,4,3,1,16,8,8,2,0,0,0,0,0,0,0,1.41,64,54,511,0,0.18,403,270,-1,16
55,A_Becker,28,Goalkeeper,Liverpool,Brazil,3420,1710,1710,38,19,19,0,0,0,0,0,0,0,0,21,12,9,19,8,11,1,0,0,0,0,0,0,0,0.5,180,90,3420,0,0.03,417,387,3,16
56,A_Morata,28,Forward,Chelsea,Spain,943,530,413,16,8,8,5,3,2,0,0,0,0,0,9,4,5,11,6,5,3,0,0.48,0,0.48,0.51,0.44,189,1.05,86,59,314,0,0.29,20,338,-1,4
57,A_Herrera,31,Midfielder,Manchester United,Spain,1404,617,787,22,10,12,2,0,2,3,3,0,0,0,6,1,5,17,9,8,4,0,0.32,0.19,0.13,0,0.23,702,1.09,83,64,351,468,0.26,134,68,-1,7
58,A©_Filipe_Tavares_Gomes,27,Midfielder,Everton,Portugal,1986,972,1014,27,13,14,1,1,0,1,1,0,0,0,10,6,4,27,13,14,7,0,0.09,0.05,0.05,0.09,0,1986,1.22,74,74,284,1986,0.32,220,213,-1,11
59,A_Gray,29,Forward,Watford,England,1358,809,549,29,15,14,7,5,2,2,2,0,0,0,5,3,2,23,16,7,2,0,0.6,0.13,0.46,0.56,0.33,194,1.52,59,47,679,679,0.13,25,109,-1,3
60,A©_SchÃ¼rrle,30,Midfielder,Fulham,Germany,1650,829,821,24,12,12,6,3,3,0,0,0,0,0,1,0,1,42,20,22,2,0,0.33,0,0.33,0.33,0.33,275,2.29,39,69,825,0,0.11,54,417,-1,2
61,A©-Frank_Zambo_Anguissa,25,Midfielder,Fulham,Cameroon,1518,587,931,22,10,12,0,0,0,0,0,0,0,0,3,2,1,30,10,20,3,1,0,0,0,0,0,0,1.78,51,69,506,0,0.18,288,285,-1,19
62,A_Christensen,24,Defender,Chelsea,Denmark,615,360,255,8,4,4,0,0,0,0,0,0,0,0,3,3,0,7,2,5,1,0,0,0,0,0,0,0,1.02,88,77,615,0,0.15,338,346,35,21
63,A_Pereira,25,Midfielder,Manchester United,Brazil,595,521,74,15,10,5,1,1,0,1,1,0,0,0,1,1,0,10,7,3,5,0,0.3,0.15,0.15,0.17,0,595,1.51,60,40,119,595,0.76,117,93,-1,16
64,A_Robertson,26,Defender,Liverpool,Scotland,3219,1599,1620,36,18,18,0,0,0,11,9,2,0,0,21,12,9,17,7,10,4,0,0.31,0.31,0,0,0,0,0.48,189,89,805,293,0.11,418,19,2,20
65,A_Surman,34,Midfielder,AFC Bournemouth,England,1438,526,912,18,7,11,0,0,0,0,0,0,0,0,5,3,2,35,7,28,2,0,0,0,0,0,0,0,2.19,41,80,719,0,0.13,359,379,-1,27
66,A_Yarmolenko,31,Forward,West Ham United,Ukraine,459,269,190,9,5,4,2,0,2,0,0,0,0,0,1,1,0,4,1,3,2,0,0.39,0,0.39,0,0.95,230,0.78,115,51,230,0,0.39,36,361,-1,7
67,A_Townsend,29,Midfielder,Crystal Palace,England,3018,1571,1447,38,19,19,6,2,4,4,2,2,0,0,12,7,5,44,20,24,1,0,0.3,0.12,0.18,0.11,0.25,503,1.31,69,79,3018,755,0.03,102,127,-1,3
68,A_Carroll,31,Forward,West Ham United,England,454,180,274,12,6,6,0,0,0,0,0,0,0,0,2,1,1,6,2,4,2,0,0,0,0,0,0,0,1.19,76,38,227,0,0.4,270,326,-1,17
69,A_Gomes,20,Midfielder,Manchester United,England,25,25,0,2,2,0,0,0,0,0,0,0,0,0,0,0,0,1,1,0,0,0,0,0,0,0,0,0,3.6,25,13,0,0,0,-1,-1,-1,19
70,A_Ogbonna,32,Defender,West Ham United,Italy,1870,956,914,24,12,12,1,1,0,1,1,0,0,0,3,2,1,32,13,19,2,0,0.1,0.05,0.05,0.09,0,1870,1.54,58,78,935,1870,0.1,226,207,124,13
71,A_Gunn,24,Goalkeeper,Southampton,England,1080,540,540,12,6,6,0,0,0,0,0,0,0,0,3,1,2,17,9,8,0,0,0,0,0,0,0,0,1.42,64,90,0,0,0,376,339,104,25
72,A_Driscoll-Glennon,21,Defender,Burnley,England,0,0,0,0,0,0,0,0,0,0,0,0,0,0,0,0,0,0,0,0,0,0,0,0,0,0,0,0,0,0,0,0,0,0,-1,-1,-1,-1
73,A_Knockaert,29,Midfielder,Brighton & Hove Albion,France,1832,982,850,30,16,14,2,1,1,6,5,1,0,0,3,3,0,36,17,19,5,1,0.39,0.29,0.1,0.09,0.11,916,1.77,51,61,305,305,0.29,159,27,-1,6
74,A_Martial,25,Forward,Manchester United,France,1623,743,880,27,11,16,10,4,6,2,1,1,1,0,5,1,4,25,8,17,2,0,0.67,0.11,0.55,0.48,0.61,162,1.39,65,60,812,812,0.11,13,141,-1,4
75,A_Barreca,25,Defender,Newcastle United,Italy,4,0,4,1,0,1,0,0,0,0,0,0,0,0,0,0,0,0,0,0,0,0,0,0,0,0,0,0,0,0,4,0,0,0,-1,-1,-1,16
76,A_RÃ¼diger,27,Defender,Chelsea,Germany,2874,1350,1524,33,15,18,1,1,0,0,0,0,0,0,12,7,5,34,10,24,7,0,0.03,0,0.03,0.07,0,2874,1.06,85,87,411,0,0.22,259,374,38,13
77,A_Valencia,35,Defender,Manchester United,Ecuador,466,196,270,6,3,3,0,0,0,0,0,0,0,0,2,0,2,5,4,1,2,0,0,0,0,0,0,0,0.97,93,78,233,0,0.39,300,256,29,23
78,A_Muric,22,Goalkeeper,Manchester City,Montenegro,0,0,0,0,0,0,0,0,0,0,0,0,0,0,0,0,0,0,0,0,0,0,0,0,0,0,0,0,0,0,0,0,0,0,-1,-1,-1,-1
79,A_Einar_Gunnarsson,31,Midfielder,Cardiff City,Iceland,2274,1240,1034,28,14,14,1,1,0,1,1,0,0,0,8,4,4,37,20,17,5,0,0.08,0.04,0.04,0.07,0,2274,1.46,61,81,455,2274,0.2,232,234,-1,9
80,A_Masuaku,27,Defender,West Ham United,France,1756,822,934,23,11,12,0,0,0,1,1,0,0,0,6,3,3,26,11,15,2,0,0.05,0.05,0,0,0,0,1.33,68,76,878,1756,0.1,368,203,89,25
81,A_Boruc,40,Goalkeeper,AFC Bournemouth,Poland,1080,540,540,12,6,6,0,0,0,0,0,0,0,0,4,2,2,17,4,13,2,0,0,0,0,0,0,0,1.42,64,90,540,0,0.17,361,394,100,20
82,A_Barnes,31,Forward,Burnley,England,2400,1307,1093,37,19,18,12,6,6,2,1,1,2,0,8,5,3,34,16,18,8,0,0.53,0.08,0.45,0.41,0.49,200,1.28,71,65,300,1200,0.3,27,172,-1,1
83,A_Westwood,30,Midfielder,Burnley,England,2822,1530,1292,34,18,16,2,0,2,7,2,5,0,0,7,5,2,44,22,22,5,0,0.29,0.22,0.06,0,0.14,1411,1.4,64,83,564,403,0.16,212,55,-1,8
84,A_Young,35,Midfielder,Manchester United,England,2568,1207,1361,30,14,16,2,1,1,2,2,0,0,0,4,2,2,41,16,25,10,1,0.14,0.07,0.07,0.07,0.07,1284,1.44,63,86,257,1284,0.35,195,181,-1,9
85,A_BegoviÄ‡,33,Goalkeeper,AFC Bournemouth,Bosnia and Herzegovina,2160,1080,1080,24,12,12,0,0,0,0,0,0,0,0,5,3,2,44,19,25,0,0,0,0,0,0,0,0,1.83,49,90,0,0,0,358,273,154,19
86,A_Laporte,26,Defender,Manchester City,France,3057,1526,1531,35,17,18,3,0,3,3,3,0,0,0,18,8,10,21,11,10,3,0,0.18,0.09,0.09,0,0.18,1019,0.62,146,87,1019,1019,0.09,176,158,14,9
87,A_Perez,27,Forward,Newcastle United,Spain,2929,1526,1403,37,19,18,12,9,3,2,1,1,0,0,11,5,6,34,21,13,2,0,0.43,0.06,0.37,0.53,0.19,244,1.04,86,79,1465,1465,0.06,44,197,-1,1
88,B_Sako,32,Midfielder,Crystal Palace,Mali,25,8,17,4,3,1,0,0,0,0,0,0,0,0,1,1,0,0,0,0,0,0,0,0,0,0,0,0,0,0,6,0,0,0,-1,-1,-1,23
89,B_Sako,0,Midfielder,Arsenal,England,7,7,0,1,1,0,0,0,0,0,0,0,0,0,0,0,0,0,0,0,0,0,0,0,0,0,0,0,0,0,7,0,0,0,-1,-1,-1,17
90,B_Chilwell,24,Defender,Leicester City,England,3240,1620,1620,36,18,18,0,0,0,4,1,3,0,0,10,6,4,39,15,24,4,0,0.11,0.11,0,0,0,0,1.08,83,90,810,810,0.11,344,139,44,16
91,B_Davies,27,Defender,Tottenham Hotspur,Wales,1839,916,923,27,13,14,0,0,0,0,0,0,0,0,10,6,4,24,10,14,2,0,0,0,0,0,0,0,1.17,77,68,920,0,0.1,353,274,60,26
92,B_Foster,37,Goalkeeper,Watford,England,3420,1710,1710,38,19,19,0,0,0,0,0,0,0,0,7,4,3,57,28,29,1,0,0,0,0,0,0,0,1.5,60,90,3420,0,0.03,365,353,116,18
93,B_Gibson,27,Defender,Burnley,England,63,63,0,1,1,0,1,1,0,0,0,0,0,0,0,0,0,3,3,0,1,0,1.43,0,1.43,1.43,0,63,4.29,21,63,63,0,1.43,-1,-1,-1,9
94,B_Hamer,33,Goalkeeper,Huddersfield Town,England,553,283,270,7,4,3,0,0,0,0,0,0,0,0,1,1,0,20,9,11,0,0,0,0,0,0,0,0,3.25,28,79,0,0,0,327,348,175,14
95,B_Mee,31,Defender,Burnley,England,3420,1710,1710,38,19,19,0,0,0,2,1,1,0,0,8,5,3,57,27,30,9,0,0.05,0.05,0,0,0,0,1.5,60,90,380,1710,0.24,380,211,118,21
96,B_White,23,Defender,Brighton & Hove Albion,England,0,0,0,0,0,0,0,0,0,0,0,0,0,0,0,0,0,0,0,0,0,0,0,0,0,0,0,0,0,0,0,0,0,0,-1,-1,-1,-1
97,B_Wilmot,21,Defender,Watford,England,26,0,26,2,0,2,0,0,0,0,0,0,0,0,1,0,1,2,0,2,0,0,0,0,0,0,0,0,6.92,13,13,0,0,0,-1,-1,-1,17
98,B_Johnson,20,Forward,West Ham United,England,63,0,63,1,0,1,0,0,0,0,0,0,0,0,0,0,0,1,0,1,0,0,0,0,0,0,0,0,1.43,63,63,0,0,0,-1,-1,-1,26
99,B_Mendy,26,Defender,Manchester City,France,900,450,450,10,5,5,0,0,0,5,3,2,0,0,4,1,3,6,4,2,1,0,0.5,0.5,0,0,0,0,0.6,150,90,900,180,0.1,311,3,12,18
100,B_Kayal,32,Midfielder,Brighton & Hove Albion,Israel,934,494,440,18,9,9,1,0,1,1,1,0,0,0,5,3,2,15,8,7,4,0,0.19,0.1,0.1,0,0.2,934,1.45,62,52,234,934,0.39,163,146,-1,8
101,B_AnÃ­cio_Caldeira_Duarte,28,Midfielder,Everton,Brazil,2128,960,1168,34,16,18,1,0,1,3,1,2,0,0,14,9,5,19,5,14,5,0,0.17,0.13,0.04,0,0.08,2128,0.8,112,63,426,709,0.21,243,117,-1,12
102,B,25,Defender,Brighton & Hove Albion,Brazil,1750,990,760,22,11,11,0,0,0,1,1,0,0,0,4,2,2,28,17,11,4,0,0.05,0.05,0,0,0,0,1.44,63,80,438,1750,0.21,400,200,107,20
103,B_Silva,26,Midfielder,Manchester City,Portugal,2853,1470,1383,36,18,18,7,2,5,7,4,3,0,0,18,8,10,22,11,11,3,0,0.44,0.22,0.22,0.12,0.33,408,0.69,130,79,951,408,0.09,85,58,-1,5
104,B_Leno,28,Goalkeeper,Arsenal,Germany,2835,1395,1440,32,16,16,0,0,0,0,0,0,0,0,7,6,1,39,12,27,0,0,0,0,0,0,0,0,1.24,73,89,0,0,0,390,413,76,23
105,B_Reid,27,Midfielder,Cardiff City,England,1422,725,697,27,11,16,5,4,1,2,1,1,1,0,6,2,4,27,19,8,0,0,0.44,0.13,0.32,0.5,0.13,284,1.71,53,53,0,711,0,55,115,-1,2
106,B_Murphy,37,Goalkeeper,Cardiff City,Republic of Ireland,0,0,0,0,0,0,0,0,0,0,0,0,0,0,0,0,0,0,0,0,0,0,0,0,0,0,0,0,0,0,0,0,0,0,-1,-1,-1,-1
107,B_Enobakhare,22,Forward,Wolverhampton Wanderers,England,0,0,0,0,0,0,0,0,0,0,0,0,0,0,0,0,0,0,0,0,0,0,0,0,0,0,0,0,0,0,0,0,0,0,-1,-1,-1,-1
108,B_Ã‰cuÃ©lÃ©_Manga,32,Defender,Cardiff City,Gabon,3375,1710,1665,38,19,19,0,0,0,1,1,0,0,0,10,5,5,59,34,25,0,0,0.03,0.03,0,0,0,0,1.57,57,89,0,3375,0,337,242,126,24
109,B_Saltor_Grau,40,Defender,Brighton & Hove Albion,Spain,1136,534,602,14,6,8,0,0,0,1,1,0,0,0,4,2,2,17,8,9,2,0,0.08,0.08,0,0,0,0,1.35,67,81,568,1136,0.16,399,175,92,19
110,C_SÃ¶yÃ¼ncÃ¼,24,Defender,Leicester City,Turkey,371,191,180,6,4,2,0,0,0,0,0,0,0,0,2,2,0,3,1,2,1,0,0,0,0,0,0,0,0.73,124,62,371,0,0.24,267,330,16,20
111,C_Hudson-Odoi,20,Midfielder,Chelsea,England,391,267,124,10,6,4,0,0,0,1,1,0,0,0,3,3,0,5,2,3,0,0,0.23,0.23,0,0,0,0,1.15,78,39,0,391,0,277,54,-1,16
112,C_Paterson,26,Defender,Cardiff City,Scotland,1996,1024,972,27,14,13,4,3,1,1,0,1,0,0,7,5,2,37,18,19,4,0,0.23,0.05,0.18,0.26,0.09,499,1.67,54,74,499,1996,0.18,108,202,137,3
113,C_Roberts,23,Forward,Newcastle United,England,0,0,0,0,0,0,0,0,0,0,0,0,0,0,0,0,0,0,0,0,0,0,0,0,0,0,0,0,0,0,0,0,0,0,-1,-1,-1,-1
114,C_Slattery,21,Midfielder,Southampton,England,110,6,104,3,1,2,0,0,0,0,0,0,0,0,0,0,0,0,0,0,0,0,0,0,0,0,0,0,0,0,37,0,0,0,-1,-1,-1,18
115,C_Wilson,28,Forward,AFC Bournemouth,England,2535,1324,1211,30,15,15,14,5,9,9,4,5,1,1,9,5,4,44,17,27,3,0,0.82,0.32,0.5,0.34,0.67,181,1.56,58,85,845,282,0.11,17,16,-1,1
116,C_Chambers,25,Defender,Fulham,England,2587,1458,1129,31,17,14,2,2,0,0,0,0,0,0,5,3,2,49,24,25,9,0,0.07,0,0.07,0.12,0,1294,1.7,53,83,287,0,0.31,198,399,143,5
117,C_John,21,Defender,Wolverhampton Wanderers,England,0,0,0,0,0,0,0,0,0,0,0,0,0,0,0,0,0,0,0,0,0,0,0,0,0,0,0,0,0,0,0,0,0,0,-1,-1,-1,-1
200,C_Jenkinson,28,Defender,Arsenal,England,166,166,0,3,3,0,0,0,0,0,0,0,0,0,0,0,0,2,2,0,0,0,0,0,0,0,0,0,1.08,83,55,0,0,0,-1,-1,-1,18
201,C_SÃ¡nchez,34,Midfielder,West Ham United,Colombia,240,120,120,7,4,3,0,0,0,0,0,0,0,0,2,2,0,2,0,2,0,0,0,0,0,0,0,0,0.75,120,34,0,0,0,-1,-1,-1,21
202,C_Soares,29,Defender,Southampton,Portugal,1494,651,843,18,8,10,1,1,0,2,0,2,0,0,5,2,3,26,7,19,4,0,0.18,0.12,0.06,0.14,0,1494,1.57,57,83,374,747,0.24,204,124,127,15
203,C_Tosun,29,Forward,Everton,Turkey,1050,536,514,25,13,12,3,2,1,3,1,2,0,0,7,4,3,16,9,7,3,0,0.51,0.26,0.26,0.34,0.18,350,1.37,66,42,350,350,0.26,74,37,-1,6
204,C_Azpilicueta,31,Defender,Chelsea,Spain,3403,1693,1710,38,19,19,1,0,1,5,3,2,0,0,16,10,6,38,12,26,4,0,0.16,0.13,0.03,0,0.05,3403,1,90,90,851,681,0.11,260,116,33,14
205,C_Fabregas,33,Midfielder,Chelsea,Spain,175,73,102,6,4,2,0,0,0,0,0,0,0,0,3,2,1,2,0,2,1,0,0,0,0,0,0,0,1.03,88,29,175,0,0.51,-1,-1,-1,18
206,C_Austin,31,Forward,Southampton,England,980,454,526,25,13,12,2,1,1,2,1,1,0,1,6,3,3,14,6,8,1,0,0.37,0.18,0.18,0.2,0.17,490,1.29,70,39,980,490,0.09,105,73,-1,8
207,C_Daniels,34,Defender,AFC Bournemouth,England,1583,803,780,21,11,10,1,1,0,0,0,0,0,0,6,4,2,32,14,18,4,0,0.06,0,0.06,0.11,0,1583,1.82,49,75,396,0,0.23,208,254,152,12
208,C_Taylor,27,Defender,Burnley,England,3240,1636,1604,38,19,19,0,0,0,1,1,0,0,0,8,5,3,53,24,29,2,0,0.03,0.03,0,0,0,0,1.47,61,85,1620,3240,0.06,381,239,111,19
209,C_KouyatÃ©,31,Midfielder,Crystal Palace,Senegal,1897,865,1032,31,14,17,0,0,0,2,1,1,0,0,11,6,5,24,7,17,3,0,0.09,0.09,0,0,0,0,1.14,79,61,632,949,0.14,323,161,-1,20
210,C_LÃ¶we,31,Defender,Huddersfield Town,Germany,2056,932,1124,29,15,14,0,0,0,2,1,1,0,0,1,1,0,52,19,33,2,0,0.09,0.09,0,0,0,0,2.28,40,71,1028,1028,0.09,328,163,169,30
211,C_Mepham,23,Defender,AFC Bournemouth,Wales,849,436,413,13,6,7,0,0,0,1,0,1,0,0,3,1,2,16,7,9,1,0,0.11,0.11,0,0,0,0,1.7,53,65,849,849,0.11,279,133,142,17
212,C_Smalling,31,Defender,Manchester United,England,2128,1138,990,24,13,11,1,0,1,0,0,0,0,0,4,2,2,34,16,18,1,0,0.04,0,0.04,0,0.09,2128,1.44,63,89,2128,0,0.04,246,294,106,15
213,C_Wood,29,Forward,Burnley,New Zealand,2582,1330,1252,38,19,19,10,4,6,2,0,2,0,0,8,5,3,43,21,22,2,0,0.42,0.07,0.35,0.27,0.43,258,1.5,60,68,1291,1291,0.07,50,188,-1,2
214,C_Atsu_Twasam,28,Midfielder,Newcastle United,Ghana,1487,710,777,28,13,15,1,1,0,0,0,0,0,0,8,3,5,16,10,6,2,0,0.06,0,0.06,0.13,0,1487,0.97,93,53,744,0,0.12,206,271,-1,7
215,C_Benteke,30,Forward,Crystal Palace,Belgium,813,526,287,16,10,6,1,0,1,1,0,1,0,0,5,3,2,10,6,4,1,0,0.22,0.11,0.11,0,0.31,813,1.11,81,51,813,813,0.11,149,142,-1,10
216,C_Eriksen,28,Midfielder,Tottenham Hotspur,Denmark,2772,1457,1315,35,18,17,8,6,2,12,8,4,0,0,10,6,4,34,14,20,3,0,0.65,0.39,0.26,0.37,0.14,347,1.1,82,79,924,231,0.1,76,10,-1,4
217,C_Fuchs,34,Defender,Leicester City,Austria,206,90,116,3,1,2,0,0,0,0,0,0,0,0,0,0,0,4,3,1,0,0,0,0,0,0,0,0,1.75,52,69,0,0,0,-1,-1,-1,17
218,C_Kabasele,29,Defender,Watford,Belgium,1587,957,630,21,14,7,0,0,0,0,0,0,0,0,4,3,1,25,15,10,4,1,0,0,0,0,0,0,1.42,63,76,397,0,0.23,393,402,101,24
219,C_Schindler,30,Defender,Huddersfield Town,Germany,3262,1642,1620,37,19,18,1,0,1,0,0,0,0,0,5,3,2,69,30,39,6,1,0.03,0,0.03,0,0.06,3262,1.9,47,88,544,0,0.17,252,345,157,9
220,C_Clark,31,Defender,Newcastle United,Republic of Ireland,857,416,441,11,6,5,3,1,2,0,0,0,0,0,2,0,2,14,9,5,1,0,0.32,0,0.32,0.22,0.41,286,1.47,61,78,857,0,0.11,56,315,113,4
221,C_AndrÃ©s_Bravo_MuÃ±oz,37,Goalkeeper,Manchester City,Chile,0,0,0,0,0,0,0,0,0,0,0,0,0,0,0,0,0,0,0,0,0,0,0,0,0,0,0,0,0,0,0,0,0,0,-1,-1,-1,-1
222,C_Quaner,29,Forward,Huddersfield Town,Germany,37,9,28,2,1,1,0,0,0,0,0,0,0,0,0,0,0,2,0,2,0,0,0,0,0,0,0,0,4.86,19,19,0,0,0,-1,-1,-1,15
223,C_Wickham,27,Forward,Crystal Palace,England,61,49,12,6,3,3,0,0,0,1,0,1,0,0,2,1,1,0,0,0,0,0,1.48,1.48,0,0,0,0,0,0,10,0,61,0,-1,-1,-1,16
224,C_Coady,27,Midfielder,Wolverhampton Wanderers,England,3420,1710,1710,38,19,19,0,0,0,0,0,0,0,0,9,7,2,43,20,23,5,0,0,0,0,0,0,0,1.13,80,90,684,0,0.13,394,415,-1,18
225,C_Coventry,20,Midfielder,West Ham United,Republic of Ireland,0,0,0,0,0,0,0,0,0,0,0,0,0,0,0,0,0,0,0,0,0,0,0,0,0,0,0,0,0,0,0,0,0,0,-1,-1,-1,-1
226,C_Cathcart,31,Defender,Watford,Northern Ireland,3099,1561,1538,36,18,18,3,1,2,0,0,0,0,0,6,3,3,52,28,24,2,0,0.09,0,0.09,0.06,0.12,1033,1.51,60,86,1550,0,0.06,177,400,119,6
227,C_Jones,19,Midfielder,Liverpool,England,0,0,0,0,0,0,0,0,0,0,0,0,0,0,0,0,0,0,0,0,0,0,0,0,0,0,0,0,0,0,0,0,0,0,-1,-1,-1,-1
228,C_Christie,28,Defender,Fulham,Republic of Ireland,1943,1053,890,28,15,13,0,0,0,1,1,0,0,0,5,3,2,40,20,20,7,0,0.05,0.05,0,0,0,0,1.85,49,69,278,1943,0.32,315,205,155,27
229,D_Stephens,31,Midfielder,Brighton & Hove Albion,England,2487,1191,1296,30,14,16,1,0,1,1,0,1,0,0,5,3,2,43,18,25,7,1,0.07,0.04,0.04,0,0.07,2487,1.56,58,83,311,2487,0.29,247,224,-1,9
230,D¡n_Emiliano_MartÃ­nez,28,Goalkeeper,Arsenal,Argentina,0,0,0,0,0,0,0,0,0,0,0,0,0,0,0,0,0,0,0,0,0,0,0,0,0,0,0,0,0,0,0,0,0,0,-1,-1,-1,-1
231,D_Burn,28,Defender,Brighton & Hove Albion,England,0,0,0,0,0,0,0,0,0,0,0,0,0,0,0,0,0,0,0,0,0,0,0,0,0,0,0,0,0,0,0,0,0,0,-1,-1,-1,-1
232,D_Gosling,30,Midfielder,AFC Bournemouth,England,1737,911,826,25,13,12,2,0,2,1,0,1,0,0,7,4,3,31,14,17,8,0,0.16,0.05,0.1,0,0.22,869,1.61,56,69,217,1737,0.41,158,206,-1,8
233,D_Amartey,26,Midfielder,Leicester City,Ghana,640,307,333,9,5,4,0,0,0,0,0,0,0,0,2,1,1,9,4,5,2,0,0,0,0,0,0,0,1.27,71,71,320,0,0.28,343,313,-1,24
234,D_Sturridge,31,Forward,Liverpool,England,496,152,344,18,9,9,2,1,1,1,1,0,0,0,10,7,3,3,0,3,1,0,0.54,0.18,0.36,0.59,0.26,248,0.54,165,28,496,496,0.18,48,79,-1,10
235,D_William_John_Ings,28,Forward,Southampton,England,1668,922,746,24,13,11,7,3,4,3,3,0,3,0,6,2,4,26,13,13,1,0,0.54,0.16,0.38,0.29,0.48,238,1.4,64,70,1668,556,0.05,39,87,-1,2
236,D_Williams,31,Midfielder,Huddersfield Town,USA,93,13,80,5,1,4,0,0,0,0,0,0,0,0,1,0,1,1,0,1,1,0,0,0,0,0,0,0,0.97,93,19,93,0,0.97,-1,-1,-1,21
237,D,29,Defender,Manchester City,Brazil,806,450,356,11,5,6,1,0,1,0,0,0,0,0,5,3,2,7,2,5,1,0,0.11,0,0.11,0,0.25,806,0.78,115,73,806,0,0.11,151,318,18,13
238,D_Drinkwater,30,Midfielder,Chelsea,England,0,0,0,0,0,0,0,0,0,0,0,0,0,0,0,0,0,0,0,0,0,0,0,0,0,0,0,0,0,0,0,0,0,0,-1,-1,-1,-1
239,D_Rose,30,Defender,Tottenham Hotspur,England,1806,969,837,26,13,13,0,0,0,3,1,2,0,0,10,7,3,12,6,6,5,0,0.15,0.15,0,0,0,0,0.6,151,69,361,602,0.25,287,95,11,17
240,D_Simpson,34,Defender,Leicester City,England,291,26,265,6,2,4,0,0,0,0,0,0,0,0,3,1,2,4,0,4,0,0,0,0,0,0,0,0,1.24,73,49,0,0,0,269,333,73,21
241,D_Ward,27,Goalkeeper,Leicester City,Wales,0,0,0,0,0,0,0,0,0,0,0,0,0,0,0,0,0,0,0,0,0,0,0,0,0,0,0,0,0,0,0,0,0,0,-1,-1,-1,-1
242,D_Ward,30,Forward,Cardiff City,England,440,246,194,14,6,8,1,1,0,0,0,0,0,0,2,0,2,11,8,3,0,0,0.2,0,0.2,0.37,0,440,2.25,40,31,0,0,0,94,382,-1,10
243,D_Welbeck,30,Forward,Arsenal,England,147,47,100,8,4,4,1,1,0,1,0,1,0,0,2,2,0,2,0,2,0,0,1.22,0.61,0.61,1.91,0,147,1.22,74,18,0,147,0,-1,-1,-1,13
244,D_Janmaat,31,Defender,Watford,Netherlands,1521,836,685,18,10,8,0,0,0,2,2,0,0,0,3,2,1,22,8,14,3,0,0.12,0.12,0,0,0,0,1.3,69,85,507,761,0.18,395,121,84,23
245,D_Brooks,23,Forward,AFC Bournemouth,England,2278,1289,989,30,17,13,7,4,3,5,3,2,0,0,9,5,4,39,17,22,3,0,0.47,0.2,0.28,0.28,0.27,325,1.54,58,76,759,456,0.12,68,66,-1,4
246,D_Button,31,Goalkeeper,Brighton & Hove Albion,England,360,180,180,4,2,2,0,0,0,0,0,0,0,0,1,1,0,5,1,4,0,0,0,0,0,0,0,0,1.25,72,90,0,0,0,404,327,79,14
247,D_de_Gea,30,Goalkeeper,Manchester United,Spain,3420,1710,1710,38,19,19,0,0,0,0,0,0,0,0,7,2,5,51,23,28,1,0,0,0,0,0,0,0,1.34,67,90,3420,0,0.03,310,419,91,18
248,D_Junior_Hoilett,30,Forward,Cardiff City,Canada,2142,1008,1134,32,17,15,3,2,1,1,0,1,0,0,9,5,4,42,20,22,4,0,0.17,0.04,0.13,0.18,0.08,714,1.76,51,67,536,2142,0.17,137,220,-1,7
249,D_Luiz,33,Defender,Chelsea,Brazil,3239,1709,1530,36,19,17,3,3,0,2,1,1,0,0,16,10,6,35,12,23,3,0,0.14,0.06,0.08,0.16,0,1080,0.97,93,90,1080,1620,0.08,186,198,27,9
250,D_Silva,34,Midfielder,Manchester City,Spain,2411,1088,1323,33,16,17,6,4,2,8,3,5,0,0,17,8,9,14,7,7,3,0,0.52,0.3,0.22,0.33,0.14,402,0.52,172,73,804,301,0.11,88,22,-1,7
251,D_Zappacosta,28,Defender,Chelsea,Italy,125,35,90,4,3,1,0,0,0,0,0,0,0,0,3,2,1,0,0,0,0,0,0,0,0,0,0,0,0,0,31,0,0,0,-1,-1,-1,22
252,D_SÃ¡nchez_Mina,24,Defender,Tottenham Hotspur,Colombia,1943,873,1070,23,10,13,1,1,0,1,0,1,0,0,6,3,3,21,9,12,2,0,0.09,0.05,0.05,0.1,0,1943,0.97,93,84,972,1943,0.09,221,208,26,13
253,D_PrÃ¶pper,29,Midfielder,Brighton & Hove Albion,Netherlands,2551,1371,1180,30,16,14,1,0,1,1,0,1,0,0,5,4,1,44,19,25,2,0,0.07,0.04,0.04,0,0.08,2551,1.55,58,85,1276,2551,0.07,241,226,-1,10
254,D_Yedlin,27,Defender,Newcastle United,USA,2475,1313,1162,29,16,13,1,0,1,2,1,1,0,0,6,4,2,37,19,18,7,1,0.11,0.07,0.04,0,0.08,2475,1.35,67,85,309,1238,0.29,237,177,93,13
255,D_Rice,21,Midfielder,West Ham United,Republic of Ireland,3005,1440,1565,34,16,18,2,2,0,0,0,0,0,0,6,3,3,42,21,21,4,0,0.06,0,0.06,0.13,0,1503,1.26,72,88,751,0,0.12,210,362,-1,9
256,D_Lovren,31,Defender,Liverpool,Croatia,985,540,445,13,7,6,1,1,0,0,0,0,0,0,6,3,3,7,3,4,1,0,0.09,0,0.09,0.17,0,985,0.64,141,76,985,0,0.09,173,324,15,12
257,D_Alli,24,Midfielder,Tottenham Hotspur,England,1827,755,1072,25,11,14,5,1,4,3,2,1,0,0,7,3,4,17,4,13,4,0,0.39,0.15,0.25,0.12,0.34,365,0.84,107,73,457,609,0.2,82,97,-1,5
258,D_Gray,24,Midfielder,Leicester City,England,1992,1069,923,34,17,17,4,1,3,1,1,0,0,0,8,5,3,26,10,16,2,0,0.23,0.05,0.18,0.08,0.29,498,1.17,77,59,996,1992,0.09,103,212,-1,3
259,D_Duhaney,22,Defender,Huddersfield Town,England,46,46,0,1,1,0,0,0,0,0,0,0,0,0,1,1,0,0,0,0,0,0,0,0,0,0,0,0,0,0,46,0,0,0,-1,-1,-1,17
260,D_Odoi,32,Defender,Fulham,Belgium,2593,1153,1440,31,15,16,0,0,0,1,0,1,0,0,5,3,2,59,23,36,4,0,0.03,0.03,0,0,0,0,2.05,44,84,648,2593,0.14,286,244,166,17
261,D_SuÃ¡rez,27,Midfielder,Arsenal,Spain,67,29,38,4,2,2,0,0,0,0,0,0,0,0,1,1,0,0,0,0,0,0,0,0,0,0,0,0,0,0,17,0,0,0,-1,-1,-1,28
262,D_Rico,27,Defender,AFC Bournemouth,Spain,607,148,459,12,4,8,0,0,0,0,0,0,0,0,0,0,0,18,3,15,1,0,0,0,0,0,0,0,2.67,34,51,607,0,0.15,306,261,172,21
263,D_JosÃ©_Teixeira_da_Silva,24,Midfielder,Wolverhampton Wanderers,Portugal,2371,1210,1161,33,16,17,9,7,2,5,3,2,0,0,9,7,2,29,11,18,11,0,0.53,0.19,0.34,0.52,0.16,263,1.1,82,72,216,474,0.42,52,71,-1,2
264,D_Origi,25,Forward,Liverpool,Belgium,366,176,190,12,5,7,3,2,1,1,0,1,0,0,7,4,3,2,0,2,0,0,0.98,0.25,0.74,1.02,0.47,122,0.49,183,31,0,366,0,2,42,-1,7
265,D_Quina,21,Midfielder,Watford,Portugal,335,217,118,8,5,3,1,1,0,0,0,0,0,0,1,0,1,5,3,2,0,0,0.27,0,0.27,0.41,0,335,1.34,67,42,0,0,0,72,316,-1,13
266,D_Calvert-Lewin,23,Forward,Everton,England,1774,1023,751,35,18,17,6,3,3,2,2,0,0,0,13,8,5,24,12,12,3,0,0.41,0.1,0.3,0.26,0.36,296,1.22,74,51,591,887,0.15,65,145,-1,3
267,D_Solanke,23,Forward,AFC Bournemouth,England,341,165,176,10,4,6,0,0,0,1,1,0,0,0,2,0,2,4,1,3,0,0,0.26,0.26,0,0,0,0,1.06,85,34,0,341,0,280,38,-1,16
268,D_McNeil,21,Forward,Burnley,England,1599,941,658,21,12,9,3,3,0,5,3,2,0,0,4,3,1,22,12,10,2,0,0.45,0.28,0.17,0.29,0,533,1.24,73,76,800,320,0.11,112,29,-1,7
269,E_Hazard,30,Midfielder,Chelsea,Belgium,2926,1527,1399,37,19,18,16,11,5,15,10,5,4,0,15,10,5,34,9,25,2,0,0.95,0.46,0.49,0.65,0.32,183,1.05,86,79,1463,195,0.06,18,5,-1,1
270,E,27,Goalkeeper,Manchester City,Brazil,3420,1710,1710,38,19,19,0,0,0,1,1,0,0,0,20,9,11,23,12,11,2,0,0.03,0.03,0,0,0,0,0.61,149,90,1710,3420,0.05,366,240,13,21
271,E_Nketiah,21,Forward,Arsenal,England,62,4,58,5,1,4,1,0,1,0,0,0,0,0,1,1,0,2,0,2,0,0,1.45,0,1.45,0,1.55,62,2.9,31,12,0,0,0,-1,-1,-1,14
272,E_Kachunga,28,Forward,Huddersfield Town,Congo DR,1181,611,570,20,9,11,0,0,0,0,0,0,0,0,2,1,1,28,14,14,2,0,0,0,0,0,0,0,2.13,42,59,591,0,0.15,303,259,-1,12
273,E_Hyndman,24,Midfielder,AFC Bournemouth,USA,37,0,37,1,0,1,0,0,0,0,0,0,0,0,0,0,0,2,0,2,0,0,0,0,0,0,0,0,4.86,19,37,0,0,0,-1,-1,-1,14
274,E_Palmieri_dos_Santos,26,Defender,Chelsea,Italy,660,360,300,10,4,6,0,0,0,0,0,0,0,0,3,2,1,10,3,7,0,0,0,0,0,0,0,0,1.36,66,66,0,0,0,274,296,96,17
275,E_Smith_Rowe,20,Midfielder,Arsenal,England,0,0,0,0,0,0,0,0,0,0,0,0,0,0,0,0,0,0,0,0,0,0,0,0,0,0,0,0,0,0,0,0,0,0,-1,-1,-1,-1
276,E_Bertrand_Bailly,26,Defender,Manchester United,CÃ´te d'Ivoire,637,349,288,12,5,7,0,0,0,0,0,0,0,0,3,0,3,12,6,6,1,1,0,0,0,0,0,0,1.7,53,53,319,0,0.28,340,310,141,26
277,E_Dier,26,Midfielder,Tottenham Hotspur,England,1510,674,836,20,9,11,3,2,1,0,0,0,0,0,6,2,4,16,8,8,4,0,0.18,0,0.18,0.27,0.11,503,0.95,94,76,378,0,0.24,107,278,-1,7
278,E_Durm,28,Defender,Huddersfield Town,Germany,2052,869,1183,28,13,15,0,0,0,1,0,1,0,0,3,1,2,43,17,26,0,0,0.04,0.04,0,0,0,0,1.89,48,73,0,2052,0,305,232,156,13
279,E_Lamela,28,Midfielder,Tottenham Hotspur,Argentina,971,493,478,19,11,8,4,1,3,2,1,1,0,0,5,3,2,11,5,6,2,0,0.56,0.19,0.37,0.18,0.56,243,1.02,88,51,486,486,0.19,45,69,-1,6
280,E_Ampadu,20,Midfielder,Chelsea,Wales,0,0,0,0,0,0,0,0,0,0,0,0,0,0,0,0,0,0,0,0,0,0,0,0,0,0,0,0,0,0,0,0,0,0,-1,-1,-1,-1
281,E_Capoue,32,Midfielder,Watford,France,2947,1518,1429,33,17,16,1,0,1,3,2,1,0,0,7,4,3,47,24,23,15,1,0.12,0.09,0.03,0,0.06,2947,1.44,63,89,184,982,0.49,253,153,-1,9
282,F¡n_Cornelio_Balbuena_GonzÃ¡lez,29,Defender,West Ham United,Paraguay,2014,934,1080,23,11,12,1,0,1,0,0,0,0,0,5,2,3,27,13,14,2,0,0.04,0,0.04,0,0.08,2014,1.21,75,88,1007,0,0.09,231,356,66,10
283,F_Delph,31,Midfielder,Manchester City,England,725,266,459,11,5,6,0,0,0,1,1,0,0,0,4,1,3,9,4,5,2,1,0.12,0.12,0,0,0,0,1.12,81,66,242,725,0.37,295,123,-1,19
284,F_SchÃ¤r,29,Defender,Newcastle United,Switzerland,2002,1173,829,24,14,10,4,3,1,1,0,1,0,0,8,5,3,21,14,7,12,0,0.22,0.04,0.18,0.23,0.11,501,0.94,95,83,167,2002,0.54,110,230,23,3
285,F,27,Midfielder,Liverpool,Brazil,2013,1051,962,28,14,14,1,1,0,2,1,1,0,0,15,7,8,13,6,7,6,0,0.13,0.09,0.04,0.09,0,2013,0.58,155,72,336,1007,0.27,229,166,-1,15
286,F_MartÃ­n_Agosto_RamÃ­rez,33,Goalkeeper,Fulham,Spain,180,90,90,2,1,1,0,0,0,0,0,0,0,0,0,0,0,5,2,3,0,0,0,0,0,0,0,0,2.5,36,90,0,0,0,-1,-1,-1,13
287,F_Marcos_Alberto_Rojo,30,Defender,Manchester United,Argentina,211,211,0,5,5,0,0,0,0,0,0,0,0,0,0,0,0,4,4,0,2,0,0,0,0,0,0,0,1.71,53,42,106,0,0.85,-1,-1,-1,21
288,F_FernÃ¡ndez,31,Defender,Newcastle United,Argentina,1484,607,877,19,8,11,0,0,0,1,1,0,0,0,4,1,3,22,9,13,2,0,0.06,0.06,0,0,0,0,1.33,67,78,742,1484,0.12,297,194,90,15
289,F_Anderson_Pereira_Gomes,27,Midfielder,West Ham United,Brazil,3054,1439,1615,36,17,19,9,4,5,4,2,2,0,0,6,3,3,43,21,22,3,0,0.38,0.12,0.27,0.25,0.28,339,1.27,71,85,1018,764,0.09,70,130,-1,2
290,F_Llorente_Torres,35,Forward,Tottenham Hotspur,Spain,683,508,175,20,11,9,1,1,0,4,4,0,0,0,7,5,2,8,5,3,2,0,0.66,0.53,0.13,0.18,0,683,1.05,85,34,342,171,0.26,133,2,-1,8
291,F_Luiz_Rosa,35,Midfielder,Manchester City,Brazil,2381,1286,1095,29,15,14,1,1,0,3,3,0,0,0,16,7,9,15,8,7,5,0,0.15,0.11,0.04,0.07,0,2381,0.57,159,82,476,794,0.19,228,132,-1,15
292,F_Hadergjonaj,26,Defender,Huddersfield Town,Switzerland,1840,1011,829,24,12,12,0,0,0,0,0,0,0,0,4,2,2,34,15,19,1,0,0,0,0,0,0,0,1.66,54,77,1840,0,0.05,329,376,135,29
293,F_Lejeune,29,Defender,Newcastle United,France,1055,515,540,12,6,6,0,0,0,0,0,0,0,0,3,3,0,12,3,9,0,0,0,0,0,0,0,0,1.02,88,88,0,0,0,278,301,36,14
294,F_Andone,27,Forward,Brighton & Hove Albion,Romania,874,416,458,23,12,11,3,2,1,0,0,0,0,0,3,3,0,13,5,8,5,0,0.31,0,0.31,0.43,0.2,291,1.34,67,38,175,0,0.51,60,289,-1,3
295,F_AyitÃ©,32,Midfielder,Fulham,Togo,465,296,169,16,7,9,1,0,1,0,0,0,0,0,3,1,2,13,7,6,0,0,0.19,0,0.19,0,0.53,465,2.52,36,29,0,0,0,101,268,-1,9
296,F_DiabatÃ©,25,Midfielder,Leicester City,Mali,55,0,55,1,0,1,0,0,0,0,0,0,0,0,0,0,0,1,0,1,0,0,0,0,0,0,0,0,1.64,55,55,0,0,0,-1,-1,-1,22
297,F_FemenÃ­a_Far,29,Midfielder,Watford,Spain,2045,1011,1034,29,14,15,1,1,0,1,1,0,0,0,5,3,2,38,21,17,1,0,0.09,0.04,0.04,0.09,0,2045,1.67,54,71,2045,2045,0.04,240,216,-1,12
298,F_Forster,32,Goalkeeper,Southampton,England,90,0,90,1,0,1,0,0,0,0,0,0,0,0,0,0,0,3,0,3,0,0,0,0,0,0,0,0,3,30,90,0,0,0,-1,-1,-1,29
299,F_Woodman,23,Goalkeeper,Newcastle United,England,0,0,0,0,0,0,0,0,0,0,0,0,0,0,0,0,0,0,0,0,0,0,0,0,0,0,0,0,0,0,0,0,0,0,-1,-1,-1,-1
400,F_Rodrigues_Santos,27,Midfielder,Manchester United,Brazil,1045,577,468,17,9,8,1,1,0,1,0,1,0,0,0,0,0,19,8,11,2,0,0.17,0.09,0.09,0.16,0,1045,1.64,55,61,523,1045,0.17,178,156,-1,12
401,G_Jesus,23,Forward,Manchester City,Brazil,1019,702,317,29,14,15,7,5,2,3,1,2,1,0,16,7,9,11,7,4,1,0,0.88,0.26,0.62,0.64,0.57,146,0.97,93,35,1019,340,0.09,6,33,-1,4
402,G«tan_Bong_Songo,32,Defender,Brighton & Hove Albion,Cameroon,1805,720,1085,22,8,14,0,0,0,0,0,0,0,0,5,3,2,32,9,23,0,0,0,0,0,0,0,0,1.6,56,82,0,0,0,401,336,132,18
403,G_Cahill,35,Defender,Chelsea,England,22,1,21,2,1,1,0,0,0,0,0,0,0,0,2,1,1,0,0,0,0,0,0,0,0,0,0,0,0,0,11,0,0,0,-1,-1,-1,15
404,G_Madine,30,Forward,Cardiff City,England,32,17,15,5,3,2,0,0,0,0,0,0,0,0,0,0,0,2,0,2,0,0,0,0,0,0,0,0,5.63,16,6,0,0,0,-1,-1,-1,20
405,G_Marsh,22,Midfielder,Tottenham Hotspur,England,0,0,0,0,0,0,0,0,0,0,0,0,0,0,0,0,0,0,0,0,0,0,0,0,0,0,0,0,0,0,0,0,0,0,-1,-1,-1,-1
406,G-Kevin_N'Koudou_Mbida,25,Forward,Tottenham Hotspur,France,4,0,4,1,0,1,0,0,0,1,0,1,0,0,0,0,0,0,0,0,0,0,22.5,22.5,0,0,0,0,0,0,4,0,4,0,-1,-1,-1,18
407,G_Wijnaldum,30,Midfielder,Liverpool,Netherlands,2735,1413,1322,35,18,17,3,1,2,0,0,0,0,0,21,12,9,15,6,9,3,0,0.1,0,0.1,0.06,0.14,912,0.49,182,78,912,0,0.1,164,416,-1,8
408,G_Deulofeu,26,Forward,Watford,Spain,2082,949,1133,30,14,16,10,3,7,5,3,2,0,0,6,3,3,28,11,17,3,0,0.65,0.22,0.43,0.28,0.56,208,1.21,74,69,694,416,0.13,29,59,-1,1
409,G_Murray,37,Forward,Brighton & Hove Albion,England,2513,1383,1130,38,19,19,13,8,5,1,1,0,4,0,7,5,2,44,22,22,5,0,0.5,0.04,0.47,0.52,0.4,193,1.58,57,66,503,2513,0.18,24,227,-1,1
410,G_Higuain,33,Forward,Chelsea,Argentina,1092,496,596,14,6,8,5,4,1,0,0,0,0,0,5,4,1,15,3,12,0,0,0.41,0,0.41,0.73,0.15,218,1.24,73,78,0,0,0,33,306,-1,5
411,G_Diangana,22,Midfielder,West Ham United,England,604,326,278,17,9,8,0,0,0,1,1,0,0,0,2,1,1,11,8,3,0,0,0.15,0.15,0,0,0,0,1.64,55,36,0,604,0,298,89,-1,18
412,G_Xhaka,28,Midfielder,Arsenal,Switzerland,2502,1317,1185,29,15,14,4,2,2,2,0,2,0,0,7,6,1,35,11,24,10,0,0.22,0.07,0.14,0.14,0.15,626,1.26,71,86,250,1251,0.36,127,183,-1,6
413,G_Cunningham,29,Defender,Cardiff City,Republic of Ireland,630,450,180,7,5,2,0,0,0,0,0,0,0,0,1,0,1,16,15,1,3,0,0,0,0,0,0,0,2.29,39,90,210,0,0.43,313,381,170,19
414,G_Sigurdsson,31,Midfielder,Everton,Iceland,3134,1602,1532,38,19,19,13,7,6,6,2,4,2,3,14,9,5,40,19,21,3,0,0.55,0.17,0.37,0.39,0.35,241,1.15,78,82,1045,522,0.09,43,86,-1,2
415,H_Choudhury,23,Midfielder,Leicester City,England,596,308,288,9,4,5,0,0,0,0,0,0,0,0,4,2,2,4,3,1,0,0,0,0,0,0,0,0,0.6,149,66,0,0,0,275,297,-1,23
416,H_Arter,31,Midfielder,Cardiff City,Republic of Ireland,2008,1186,822,25,14,11,0,0,0,1,1,0,0,0,7,4,3,37,25,12,10,0,0.04,0.04,0,0,0,0,1.66,54,80,201,2008,0.45,304,221,-1,16
417,H_Kane,27,Forward,Tottenham Hotspur,England,2427,1066,1361,28,12,16,17,6,11,4,2,2,4,0,10,4,6,28,10,18,5,0,0.78,0.15,0.63,0.51,0.73,143,1.04,87,87,485,607,0.19,5,94,-1,1
418,H_Maguire,27,Defender,Leicester City,England,2599,1350,1249,31,15,16,3,0,3,0,0,0,0,0,7,3,4,36,16,20,7,1,0.1,0,0.1,0,0.22,866,1.25,72,84,325,0,0.28,165,299,78,5
419,H_Winks,24,Midfielder,Tottenham Hotspur,England,1591,832,759,26,13,13,1,0,1,0,0,0,0,0,10,4,6,16,8,8,4,0,0.06,0,0.06,0,0.12,1591,0.91,99,61,398,0,0.23,207,335,-1,9
420,H_Elliot,0,Forward,Fulham,England,18,16,2,2,1,1,0,0,0,0,0,0,0,0,0,0,0,0,0,0,0,0,0,0,0,0,0,0,0,0,9,0,0,0,-1,-1,-1,28
421,H_Lewis_Barnes,23,Midfielder,Leicester City,England,1007,601,406,16,9,7,1,0,1,2,2,0,0,0,3,3,0,16,7,9,0,0,0.27,0.18,0.09,0,0.22,1007,1.43,63,63,0,504,0,175,78,-1,10
422,H¥vard_Nordtveit,30,Midfielder,Fulham,Norway,361,90,271,5,1,4,0,0,0,1,0,1,0,0,1,0,1,9,2,7,0,0,0.25,0.25,0,0,0,0,2.24,40,72,0,361,0,419,41,-1,15
423,H_Bellerin,25,Defender,Arsenal,Spain,1535,882,653,19,10,9,0,0,0,5,4,1,0,0,4,4,0,20,8,12,3,0,0.29,0.29,0,0,0,0,1.17,77,81,512,307,0.18,385,26,61,27
424,H©lder_Wander_Sousa_Azevedo_Costa,26,Midfielder,Wolverhampton Wanderers,Portugal,1345,657,688,25,11,14,1,0,1,2,1,1,0,0,5,3,2,18,10,8,3,0,0.2,0.13,0.07,0,0.13,1345,1.2,75,54,448,673,0.2,200,113,-1,9
425,H_Mkhitaryan,31,Midfielder,Arsenal,Armenia,1643,650,993,25,11,14,6,3,3,4,3,1,0,0,4,3,1,25,9,16,1,0,0.55,0.22,0.33,0.42,0.27,274,1.37,66,66,1643,411,0.05,53,56,-1,3
426,H-Min_Son,28,Forward,Tottenham Hotspur,South Korea,2048,1161,887,31,16,15,12,8,4,6,2,4,0,0,11,7,4,20,8,12,3,1,0.79,0.26,0.53,0.62,0.41,171,0.88,102,66,512,341,0.18,14,34,-1,2
427,H_da_Silva_Gomes,39,Goalkeeper,Watford,Brazil,0,0,0,0,0,0,0,0,0,0,0,0,0,0,0,0,0,0,0,0,0,0,0,0,0,0,0,0,0,0,0,0,0,0,-1,-1,-1,-1
428,H_Lloris,34,Goalkeeper,Tottenham Hotspur,France,2970,1620,1350,33,18,15,0,0,0,0,0,0,0,0,12,7,5,30,13,17,0,0,0,0,0,0,0,0,0.91,99,90,0,0,0,339,284,21,19
429,I_CissÃ©,26,Midfielder,Fulham,Belgium,87,9,78,3,1,2,0,0,0,0,0,0,0,0,0,0,0,3,0,3,0,0,0,0,0,0,0,0,3.1,29,29,0,0,0,-1,-1,-1,20
430,I_Gana_Gueye,31,Midfielder,Everton,Senegal,2825,1407,1418,33,16,17,0,0,0,2,1,1,0,0,13,9,4,29,10,19,6,0,0.06,0.06,0,0,0,0,0.92,97,86,471,1413,0.19,413,193,-1,19
431,Ä°lkay_GÃ¼ndoÄŸan,30,Midfielder,Manchester City,Germany,2135,985,1150,31,15,16,6,4,2,3,0,3,0,0,15,6,9,15,8,7,3,0,0.38,0.13,0.25,0.37,0.16,356,0.63,142,69,712,712,0.13,78,120,-1,8
432,I_Ajayi_Success,25,Forward,Watford,Nigeria,1037,461,576,30,15,15,1,1,0,1,0,1,0,0,5,3,2,20,8,12,4,0,0.17,0.09,0.09,0.2,0,1037,1.74,52,35,259,1037,0.35,181,154,-1,10
433,I_Hayden,25,Midfielder,Newcastle United,England,1886,904,982,25,11,14,1,0,1,4,4,0,0,0,7,3,4,25,12,13,4,1,0.24,0.19,0.05,0,0.09,1886,1.19,75,75,377,472,0.24,219,67,-1,10
434,I_Mbenza,24,Forward,Huddersfield Town,Belgium,981,589,392,22,13,9,1,1,0,1,1,0,0,0,4,2,2,25,15,10,1,0,0.18,0.09,0.09,0.15,0,981,2.29,39,45,981,981,0.09,172,165,-1,11
435,I_Diop,24,Defender,West Ham United,France,2970,1530,1440,33,17,16,1,1,0,0,0,0,0,0,7,4,3,38,20,18,4,0,0.03,0,0.03,0.06,0,2970,1.15,78,90,743,0,0.12,248,364,55,14
436,I_Ricardo_Neves_Abreu_Cavaleiro,27,Forward,Wolverhampton Wanderers,Portugal,683,331,352,23,13,10,3,2,1,1,0,1,0,0,5,4,1,10,7,3,1,0,0.53,0.13,0.4,0.54,0.26,228,1.32,68,30,683,683,0.13,34,119,-1,6
437,J_Cork,31,Midfielder,Burnley,England,3313,1693,1620,37,19,18,1,1,0,2,1,1,0,0,8,5,3,54,27,27,6,0,0.08,0.05,0.03,0.05,0,3313,1.47,61,90,552,1657,0.16,249,204,-1,11
438,J_Simpson,24,Defender,AFC Bournemouth,England,403,240,163,6,3,3,0,0,0,0,0,0,0,0,2,1,1,9,2,7,0,0,0,0,0,0,0,0,2.01,45,67,0,0,0,272,314,163,18
439,J_Stephens,26,Defender,Southampton,England,1697,816,881,24,10,14,1,1,0,0,0,0,0,0,5,2,3,30,11,19,4,0,0.05,0,0.05,0.11,0,1697,1.59,57,71,424,0,0.21,223,369,130,14
440,J_Wilshere,29,Midfielder,West Ham United,England,389,181,208,8,4,4,0,0,0,1,0,1,0,0,2,1,1,8,2,6,2,0,0.23,0.23,0,0,0,0,1.85,49,49,195,389,0.46,369,48,-1,24
441,J_Murphy,25,Midfielder,Newcastle United,England,300,167,133,9,3,6,0,0,0,1,0,1,0,0,1,0,1,7,3,4,0,0,0.3,0.3,0,0,0,0,2.1,43,33,0,300,0,301,21,-1,17
442,J¯ro_Riedewald,24,Defender,Crystal Palace,Netherlands,0,0,0,0,0,0,0,0,0,0,0,0,0,0,0,0,0,0,0,0,0,0,0,0,0,0,0,0,0,0,0,0,0,0,-1,-1,-1,-1
443,J_Lascelles,27,Defender,Newcastle United,England,2748,1308,1440,32,16,16,0,0,0,1,1,0,0,0,11,5,6,33,16,17,4,0,0.03,0.03,0,0,0,0,1.08,83,86,687,2748,0.13,346,245,41,23
444,J_Garner,19,Defender,Manchester United,England,0,0,0,1,0,1,0,0,0,0,0,0,0,0,0,0,0,0,0,0,0,0,0,0,0,0,0,0,0,0,0,0,0,0,-1,-1,-1,-1
445,J_Maddison,24,Midfielder,Leicester City,England,2850,1535,1315,36,18,18,7,3,4,7,4,3,1,1,8,5,3,39,18,21,5,1,0.44,0.22,0.22,0.18,0.27,407,1.23,73,79,570,407,0.16,83,60,-1,2
446,J_McArthur,33,Midfielder,Crystal Palace,Scotland,3071,1506,1565,38,19,19,3,1,2,6,1,5,0,0,12,7,5,44,19,25,7,0,0.26,0.18,0.09,0.06,0.12,1024,1.29,70,81,439,512,0.21,179,74,-1,7
447,J_McCarthy,30,Midfielder,Everton,Republic of Ireland,14,14,0,1,1,0,0,0,0,0,0,0,0,0,1,1,0,0,0,0,0,0,0,0,0,0,0,0,0,0,14,0,0,0,-1,-1,-1,22
448,J_Milner,34,Midfielder,Liverpool,England,1785,646,1139,31,12,19,5,0,5,4,2,2,3,0,18,9,9,11,4,7,7,1,0.45,0.2,0.25,0,0.4,357,0.55,162,58,255,446,0.35,81,65,-1,5
449,J_Tarkowski,28,Defender,Burnley,England,3087,1620,1467,35,18,17,3,2,1,1,1,0,0,0,7,5,2,52,25,27,8,0,0.12,0.03,0.09,0.11,0.06,1029,1.52,59,88,386,3087,0.23,170,238,121,4
450,J_Tomkins,31,Defender,Crystal Palace,England,2563,1140,1423,29,13,16,1,0,1,1,0,1,0,0,10,5,5,34,12,22,6,0,0.07,0.04,0.04,0,0.06,2563,1.19,75,88,427,2563,0.21,235,215,63,9
451,J_Ward-Prowse,26,Midfielder,Southampton,England,1942,942,1000,26,13,13,7,5,2,0,0,0,1,0,4,2,2,36,15,21,4,0,0.32,0,0.32,0.48,0.18,277,1.67,54,75,486,0,0.19,58,347,-1,1
452,J_Sterry,25,Defender,Newcastle United,England,0,0,0,0,0,0,0,0,0,0,0,0,0,0,0,0,0,0,0,0,0,0,0,0,0,0,0,0,0,0,0,0,0,0,-1,-1,-1,-1
453,J_Vardy,33,Forward,Leicester City,England,2735,1418,1317,34,17,17,18,8,10,4,3,1,4,1,10,6,4,33,13,20,4,1,0.72,0.13,0.59,0.51,0.68,152,1.09,83,80,547,684,0.16,9,118,-1,1
454,J_Bednarek,24,Defender,Southampton,Poland,2151,1126,1025,25,13,12,0,0,0,1,0,1,0,0,3,1,2,33,19,14,7,0,0.04,0.04,0,0,0,0,1.38,65,86,307,2151,0.29,377,225,98,24
455,J_Vertonghen,33,Defender,Tottenham Hotspur,Belgium,1915,884,1031,22,10,12,1,0,1,0,0,0,0,0,7,4,3,21,7,14,5,1,0.05,0,0.05,0,0.09,1915,0.99,91,87,383,0,0.23,225,282,31,10
456,J_Vestergaard,28,Defender,Southampton,Denmark,2030,1130,900,23,13,10,0,0,0,0,0,0,0,0,4,2,2,27,14,13,2,0,0,0,0,0,0,0,1.2,75,88,1015,0,0.09,373,367,65,28
457,J_Puncheon,34,Midfielder,Huddersfield Town,England,391,248,143,11,6,5,0,0,0,0,0,0,0,0,3,2,1,8,6,2,1,0,0,0,0,0,0,0,1.84,49,36,391,0,0.23,302,258,-1,19
458,J_Steele,30,Goalkeeper,Brighton & Hove Albion,England,0,0,0,0,0,0,0,0,0,0,0,0,0,0,0,0,0,0,0,0,0,0,0,0,0,0,0,0,0,0,0,0,0,0,-1,-1,-1,-1
459,J_Hernandez,32,Forward,West Ham United,Mexico,1335,694,641,25,13,12,7,5,2,1,0,1,0,0,3,1,2,16,8,8,2,0,0.54,0.07,0.47,0.65,0.28,191,1.08,83,53,668,1335,0.13,23,186,-1,3
460,J_Manquillo_GaitÃ¡n,26,Defender,Newcastle United,Spain,1097,503,594,18,9,9,0,0,0,3,2,1,0,0,6,3,3,12,6,6,2,0,0.25,0.25,0,0,0,0,0.98,91,61,549,366,0.16,350,40,30,19
461,J_Molumby,21,Midfielder,Brighton & Hove Albion,Republic of Ireland,0,0,0,0,0,0,0,0,0,0,0,0,0,0,0,0,0,0,0,0,0,0,0,0,0,0,0,0,0,0,0,0,0,0,-1,-1,-1,-1
462,J_Richards,29,Defender,Cardiff City,Wales,128,52,76,4,2,2,0,0,0,0,0,0,0,0,1,0,1,4,2,2,0,0,0,0,0,0,0,0,2.81,32,32,0,0,0,-1,-1,-1,18
463,J_MichaÃ«l_Seri,29,Midfielder,Fulham,CÃ´te d'Ivoire,2252,1112,1140,32,15,17,1,1,0,2,0,2,0,0,4,2,2,53,23,30,6,0,0.12,0.08,0.04,0.08,0,2252,2.12,42,70,375,1126,0.24,236,171,-1,7
464,J_Hendrick,28,Midfielder,Burnley,Republic of Ireland,2069,898,1171,32,15,17,3,1,2,0,0,0,0,0,6,3,3,41,18,23,4,0,0.13,0,0.13,0.1,0.15,690,1.78,50,65,517,0,0.17,131,349,-1,6
465,J_Lerma,26,Midfielder,AFC Bournemouth,Colombia,2511,1319,1192,30,15,15,2,0,2,0,0,0,0,0,8,4,4,45,18,27,12,0,0.07,0,0.07,0,0.15,1256,1.61,56,84,209,0,0.43,202,288,-1,6
466,J_Schlupp,28,Defender,Crystal Palace,Ghana,1665,849,816,30,14,16,4,1,3,1,1,0,0,0,8,4,4,24,11,13,1,0,0.27,0.05,0.22,0.11,0.33,416,1.3,69,56,1665,1665,0.05,89,209,86,5
467,J_Defoe,38,Forward,AFC Bournemouth,England,21,0,21,4,1,3,0,0,0,0,0,0,0,0,2,1,1,2,0,2,0,0,0,0,0,0,0,0,8.57,11,5,0,0,0,-1,-1,-1,25
468,J_Lingard,28,Midfielder,Manchester United,England,1668,963,705,27,15,12,4,1,3,2,1,1,1,0,6,2,4,25,16,9,3,0,0.32,0.11,0.22,0.09,0.38,417,1.35,67,62,556,834,0.16,87,135,-1,5
469,J£o_Moutinho,34,Midfielder,Wolverhampton Wanderers,Portugal,3040,1532,1508,38,19,19,1,0,1,8,5,3,0,0,9,7,2,37,17,20,4,0,0.27,0.24,0.03,0,0.06,3040,1.1,82,80,760,380,0.12,258,44,-1,11
470,J_Bennett,30,Defender,Cardiff City,England,2641,1142,1499,30,13,17,0,0,0,1,1,0,0,0,9,5,4,43,18,25,5,0,0.03,0.03,0,0,0,0,1.47,61,88,528,2641,0.17,324,241,112,23
471,J_Bryan,27,Defender,Fulham,England,2350,1214,1136,28,15,13,0,0,0,1,1,0,0,0,5,3,2,51,21,30,5,0,0.04,0.04,0,0,0,0,1.95,46,84,470,2350,0.19,316,218,158,26
472,J_Daniel_Tupper,23,Goalkeeper,Crystal Palace,England,0,0,0,0,0,0,0,0,0,0,0,0,0,0,0,0,0,0,0,0,0,0,0,0,0,0,0,0,0,0,0,0,0,0,-1,-1,-1,-1
473,J_Gomez,23,Defender,Liverpool,England,1060,493,567,16,8,8,0,0,0,0,0,0,0,0,11,8,3,3,0,3,2,0,0,0,0,0,0,0,0.25,353,66,530,0,0.17,407,398,1,19
474,J_Hart,33,Goalkeeper,Burnley,England,1710,810,900,19,9,10,0,0,0,0,0,0,0,0,4,2,2,34,17,17,0,0,0,0,0,0,0,0,1.79,50,90,0,0,0,367,341,149,16
475,J_Powell,22,Forward,West Ham United,England,0,0,0,0,0,0,0,0,0,0,0,0,0,0,0,0,0,0,0,0,0,0,0,0,0,0,0,0,0,0,0,0,0,0,-1,-1,-1,-1
476,J_Ralls,27,Midfielder,Cardiff City,England,1959,847,1112,28,15,13,0,0,0,0,0,0,0,1,8,5,3,35,17,18,5,1,0,0,0,0,0,0,1.61,56,70,327,0,0.28,336,383,-1,22
477,J_Coleman,25,Goalkeeper,Huddersfield Town,England,90,0,90,1,0,1,0,0,0,0,0,0,0,0,0,0,0,1,0,1,0,0,0,0,0,0,0,0,1,90,90,0,0,0,-1,-1,-1,16
478,J_Matip,29,Defender,Liverpool,Cameroon,1532,811,721,22,10,12,1,1,0,0,0,0,0,0,11,6,5,9,5,4,3,0,0.06,0,0.06,0.11,0,1532,0.53,170,70,511,0,0.18,215,286,8,11
479,J_Ward,31,Defender,Crystal Palace,England,551,191,360,7,3,4,1,1,0,0,0,0,0,0,0,0,0,12,6,6,1,0,0.16,0,0.16,0.47,0,551,1.96,46,79,551,0,0.16,114,358,159,11
480,J_Berg_GuÃ°mundsÂ­son,30,Midfielder,Burnley,Iceland,1748,847,901,29,15,14,3,0,3,6,5,1,0,0,6,4,2,31,13,18,2,0,0.46,0.31,0.15,0,0.3,583,1.6,56,60,874,291,0.1,122,18,-1,5
481,J_Ruddy,34,Goalkeeper,Wolverhampton Wanderers,England,90,90,0,1,1,0,0,0,0,0,0,0,0,0,1,1,0,0,0,0,0,0,0,0,0,0,0,0,0,0,90,0,0,0,-1,-1,-1,17
482,J_Stones,26,Defender,Manchester City,England,1762,968,794,24,12,12,0,0,0,0,0,0,0,0,13,6,7,15,8,7,1,0,0,0,0,0,0,0,0.77,117,73,1762,0,0.05,309,418,17,17
483,J_Gorenc_StankoviÄ,24,Defender,Huddersfield Town,Slovenia,718,218,500,11,3,8,1,0,1,0,0,0,0,0,2,1,1,19,3,16,2,0,0.13,0,0.13,0,0.18,718,2.38,38,65,359,0,0.25,139,291,171,8
484,J_LÃ¶ssl,31,Goalkeeper,Huddersfield Town,Denmark,2777,1427,1350,31,16,15,0,0,0,1,1,0,0,0,5,3,2,52,22,30,1,0,0.03,0.03,0,0,0,0,1.69,53,90,2777,2777,0.03,333,247,139,25
485,J_Hogg,32,Midfielder,Huddersfield Town,England,2377,1294,1083,29,16,13,0,0,0,1,1,0,0,0,5,3,2,42,23,19,9,1,0.04,0.04,0,0,0,0,1.59,57,82,238,2377,0.38,330,231,-1,28
486,J_Walters,37,Forward,Burnley,Republic of Ireland,0,0,0,0,0,0,0,0,0,0,0,0,0,0,0,0,0,0,0,0,0,0,0,0,0,0,0,0,0,0,0,0,0,0,-1,-1,-1,-1
487,J_Shelvey,28,Midfielder,Newcastle United,England,944,403,541,16,8,8,1,0,1,1,0,1,0,0,5,1,4,11,8,3,1,0,0.19,0.1,0.1,0,0.17,944,1.05,86,59,944,944,0.1,167,149,-1,12
488,J_Kenny,23,Defender,Everton,England,790,413,377,10,5,5,0,0,0,1,1,0,0,0,2,1,1,14,7,7,1,0,0.11,0.11,0,0,0,0,1.59,56,79,790,790,0.11,289,143,129,15
489,J,26,Defender,Wolverhampton Wanderers,Spain,2780,1269,1511,33,16,17,1,1,0,1,1,0,0,0,8,6,2,36,16,20,6,0,0.06,0.03,0.03,0.07,0,2780,1.17,77,84,463,2780,0.19,257,237,59,12
490,J_Evans,33,Defender,Leicester City,Northern Ireland,1995,1074,921,24,12,12,1,1,0,0,0,0,0,0,8,6,2,22,9,13,2,0,0.05,0,0.05,0.08,0,1995,0.99,91,83,998,0,0.09,224,319,32,11
491,J_Ayew,29,Forward,Crystal Palace,Ghana,1186,616,570,20,8,12,1,0,1,2,0,2,0,0,6,3,3,13,7,6,3,0,0.23,0.15,0.08,0,0.16,1186,0.99,91,59,395,593,0.23,187,96,-1,12
492,J_Henderson,30,Midfielder,Liverpool,England,1983,925,1058,32,16,16,1,0,1,3,2,1,0,0,19,10,9,11,4,7,3,1,0.18,0.14,0.05,0,0.09,1983,0.5,180,62,661,661,0.14,217,102,-1,14
493,J_Pickford,26,Goalkeeper,Everton,England,3420,1710,1710,38,19,19,0,0,0,0,0,0,0,0,14,9,5,44,20,24,1,0,0,0,0,0,0,0,1.16,78,90,3420,0,0.03,409,260,57,14
494,J_Ibe,25,Midfielder,AFC Bournemouth,England,795,334,461,19,10,9,1,0,1,1,1,0,0,0,4,4,0,21,3,18,1,0,0.23,0.11,0.11,0,0.2,795,2.38,38,42,795,795,0.11,154,134,-1,13
495,J,29,Midfielder,Chelsea,Italy,3165,1621,1544,37,19,18,2,0,2,0,0,0,1,0,16,10,6,36,12,24,8,0,0.06,0,0.06,0,0.12,1583,1.02,88,86,396,0,0.23,213,375,-1,11
496,J©_Diogo_Dalot_Teixeira,21,Defender,Manchester United,Portugal,1015,525,490,16,7,9,0,0,0,2,2,0,0,0,2,0,2,18,8,10,3,0,0.18,0.18,0,0,0,0,1.6,56,63,338,508,0.27,283,77,131,17
497,J©_Holebas,36,Defender,Watford,Greece,2394,1224,1170,28,15,13,3,2,1,6,5,1,0,0,5,3,2,38,20,18,13,1,0.34,0.23,0.11,0.15,0.08,798,1.43,63,86,171,399,0.53,153,49,105,7
498,J_Izquierdo,28,Forward,Brighton & Hove Albion,Colombia,794,365,429,15,8,7,0,0,0,1,0,1,0,0,5,3,2,8,4,4,1,0,0.11,0.11,0,0,0,0,0.91,99,53,794,794,0.11,266,136,-1,21
499,J©_Luis_SanmartÃ­n_Mato,30,Forward,Newcastle United,Spain,586,308,278,16,9,7,2,2,0,0,0,0,0,0,4,2,2,12,8,4,1,0,0.31,0,0.31,0.58,0,293,1.84,49,37,586,0,0.15,61,265,-1,5
900,J_Willock,21,Midfielder,Arsenal,England,64,0,64,2,0,2,0,0,0,0,0,0,0,0,0,0,0,0,0,0,0,0,0,0,0,0,0,0,0,0,32,0,0,0,-1,-1,-1,16
901,J_Benson,21,Midfielder,Burnley,England,0,0,0,0,0,0,0,0,0,0,0,0,0,0,0,0,0,0,0,0,0,0,0,0,0,0,0,0,0,0,0,0,0,0,-1,-1,-1,-1
902,J_Knight,23,Defender,Leicester City,England,0,0,0,0,0,0,0,0,0,0,0,0,0,0,0,0,0,0,0,0,0,0,0,0,0,0,0,0,0,0,0,0,0,0,-1,-1,-1,-1
903,J_Murphy,25,Forward,Cardiff City,England,1825,1123,702,29,17,12,3,2,1,2,1,1,0,0,7,4,3,27,20,7,2,0,0.25,0.1,0.15,0.16,0.13,608,1.33,68,63,913,913,0.1,119,147,-1,6
904,J_King,28,Forward,AFC Bournemouth,Norway,2974,1563,1411,35,18,17,12,9,3,3,3,0,5,1,9,6,3,54,20,34,3,0,0.45,0.09,0.36,0.52,0.19,248,1.63,55,85,991,991,0.09,49,157,-1,2
905,J_Sims,23,Midfielder,Southampton,England,209,139,70,7,4,3,0,0,0,1,1,0,0,0,1,0,1,5,3,2,0,0,0.43,0.43,0,0,0,0,2.15,42,30,0,209,0,-1,-1,-1,20
906,J_Marcos_Foyth,23,Defender,Tottenham Hotspur,Argentina,930,450,480,12,6,6,1,0,1,0,0,0,0,0,4,3,1,10,2,8,4,1,0.1,0,0.1,0,0.19,930,0.97,93,78,186,0,0.48,157,334,28,14
907,J_Mata,32,Midfielder,Manchester United,Spain,1294,833,461,22,13,9,3,3,0,2,2,0,0,0,4,2,2,14,6,8,3,0,0.35,0.14,0.21,0.32,0,431,0.97,92,59,431,647,0.21,92,103,-1,6
908,J¡n_Speroni,41,Goalkeeper,Crystal Palace,Argentina,90,0,90,1,0,1,0,0,0,0,0,0,0,0,0,0,0,3,0,3,0,0,0,0,0,0,0,0,3,30,90,0,0,0,-1,-1,-1,15
909,J_Bacuna,23,Midfielder,Huddersfield Town,Netherlands,1414,722,692,21,11,10,1,0,1,0,0,0,0,0,2,2,0,36,15,21,4,0,0.06,0,0.06,0,0.13,1414,2.29,39,67,354,0,0.25,205,325,-1,7
910,J_Stanislas,31,Midfielder,AFC Bournemouth,England,1027,559,468,23,12,11,2,1,1,3,3,0,1,0,7,4,3,24,8,16,1,0,0.44,0.26,0.18,0.16,0.19,514,2.1,43,45,1027,342,0.09,104,35,-1,7
911,J_Locadia,27,Forward,Brighton & Hove Albion,Netherlands,1227,590,637,26,14,12,2,2,0,0,0,0,0,0,4,3,1,19,9,10,1,0,0.15,0,0.15,0.31,0,614,1.39,65,47,1227,0,0.07,120,281,-1,7
912,K_Harris,27,Midfielder,Cardiff City,England,366,133,233,13,5,8,1,1,0,0,0,0,0,0,4,1,3,5,1,4,1,0,0.25,0,0.25,0.68,0,366,1.23,73,28,366,0,0.25,79,262,-1,11
913,K_Darlow,30,Goalkeeper,Newcastle United,England,0,0,0,0,0,0,0,0,0,0,0,0,0,0,0,0,0,0,0,0,0,0,0,0,0,0,0,0,0,0,0,0,0,0,-1,-1,-1,-1
914,K_Ahearne-Grant,23,Forward,Huddersfield Town,England,874,331,543,13,6,7,4,2,2,0,0,0,0,0,1,1,0,22,7,15,0,0,0.41,0,0.41,0.54,0.33,219,2.27,40,67,0,0,0,31,308,-1,1
915,K_Schmeichel,34,Goalkeeper,Leicester City,Denmark,3420,1710,1710,38,19,19,0,0,0,0,0,0,0,0,10,6,4,43,18,25,3,0,0,0,0,0,0,0,1.13,80,90,1140,0,0.08,342,302,50,25
916,K_Ramsey,20,Midfielder,Southampton,England,90,90,0,1,1,0,0,0,0,0,0,0,0,0,0,0,0,3,3,0,0,0,0,0,0,0,0,0,3,30,90,0,0,0,-1,-1,-1,19
917,K_Sterling,22,Forward,Tottenham Hotspur,England,0,0,0,0,0,0,0,0,0,0,0,0,0,0,0,0,0,0,0,0,0,0,0,0,0,0,0,0,0,0,0,0,0,0,-1,-1,-1,-1
918,K_Iheanacho,24,Forward,Leicester City,Nigeria,926,408,518,30,14,16,1,1,0,3,2,1,0,0,6,4,2,11,5,6,2,0,0.39,0.29,0.1,0.22,0,926,1.07,84,31,463,309,0.19,169,24,-1,13
919,K_Watts,21,Midfielder,Newcastle United,England,0,0,0,0,0,0,0,0,0,0,0,0,0,0,0,0,0,0,0,0,0,0,0,0,0,0,0,0,0,0,0,0,0,0,-1,-1,-1,-1
920,K_Sema,27,Midfielder,Watford,Sweden,755,301,454,17,8,9,1,0,1,2,1,1,0,0,6,4,2,8,3,5,1,0,0.36,0.24,0.12,0,0.2,755,0.95,94,44,755,378,0.12,143,47,-1,14
921,K_Dahrup_ZohorÃ¨,26,Forward,Cardiff City,Denmark,746,388,358,19,11,8,1,0,1,1,0,1,0,0,5,2,3,15,9,6,1,0,0.24,0.12,0.12,0,0.25,746,1.81,50,39,746,746,0.12,142,128,-1,12
922,K_Arrizabalaga,26,Goalkeeper,Chelsea,Spain,3240,1620,1620,36,18,18,0,0,0,0,0,0,0,0,14,9,5,38,12,26,2,0,0,0,0,0,0,0,1.06,85,90,1620,0,0.06,364,363,39,24
923,K_De_Bruyne,29,Midfielder,Manchester City,Belgium,974,477,497,19,9,10,2,2,0,2,0,2,0,0,12,6,6,3,1,2,2,0,0.37,0.18,0.18,0.38,0,487,0.28,325,51,487,487,0.18,109,75,-1,10
924,K_Long,30,Defender,Burnley,Republic of Ireland,513,90,423,6,1,5,0,0,0,1,0,1,0,0,1,0,1,7,2,5,0,0,0.18,0.18,0,0,0,0,1.23,73,86,0,513,0,293,72,70,15
925,K_McDonald,32,Midfielder,Fulham,Scotland,842,399,443,15,8,7,0,0,0,0,0,0,0,0,0,0,0,25,12,13,6,1,0,0,0,0,0,0,2.67,34,56,140,0,0.64,317,410,-1,25
926,K_Dowell,23,Midfielder,Everton,England,0,0,0,0,0,0,0,0,0,0,0,0,0,0,0,0,0,0,0,0,0,0,0,0,0,0,0,0,0,0,0,0,0,0,-1,-1,-1,-1
927,K_Trippier,30,Defender,Tottenham Hotspur,England,2278,1188,1090,27,14,13,1,1,0,3,0,3,0,0,10,5,5,20,10,10,2,0,0.16,0.12,0.04,0.08,0,2278,0.79,114,84,1139,759,0.08,230,122,19,12
928,K_Mavropanos,23,Defender,Arsenal,Greece,150,46,104,4,1,3,0,0,0,0,0,0,0,0,1,0,1,1,1,0,1,0,0,0,0,0,0,0,0.6,150,38,150,0,0.6,-1,-1,-1,19
929,K_Hause,25,Defender,Wolverhampton Wanderers,England,0,0,0,0,0,0,0,0,0,0,0,0,0,0,0,0,0,0,0,0,0,0,0,0,0,0,0,0,0,0,0,0,0,0,-1,-1,-1,-1
930,K_Zouma,26,Defender,Everton,France,2610,1350,1260,32,16,16,2,1,1,2,0,2,0,0,11,8,3,37,17,20,5,1,0.14,0.07,0.07,0.07,0.07,1305,1.28,71,82,522,1305,0.17,192,185,83,7
931,K_Taylor,21,Midfielder,AFC Bournemouth,England,0,0,0,0,0,0,0,0,0,0,0,0,0,0,0,0,0,0,0,0,0,0,0,0,0,0,0,0,0,0,0,0,0,0,-1,-1,-1,-1
932,K_Walker,30,Defender,Manchester City,England,2777,1245,1532,33,15,18,1,1,0,1,0,1,0,0,18,7,11,17,9,8,3,0,0.06,0.03,0.03,0.07,0,2777,0.55,163,84,926,2777,0.1,250,248,10,14
933,K_Walker-Peters,23,Defender,Tottenham Hotspur,England,374,272,102,6,4,2,0,0,0,3,3,0,0,0,3,2,1,4,2,2,1,0,0.72,0.72,0,0,0,0,0.96,94,62,374,125,0.24,357,1,25,21
934,L_Depoitre,32,Forward,Huddersfield Town,Belgium,1059,446,613,23,12,11,0,0,0,1,0,1,0,0,3,2,1,22,6,16,1,0,0.08,0.08,0,0,0,0,1.87,48,46,1059,1059,0.08,331,169,-1,27
935,L_Koscielny,35,Defender,Arsenal,France,1328,484,844,17,6,11,3,2,1,0,0,0,0,0,4,3,1,21,5,16,1,0,0.2,0,0.2,0.37,0.11,443,1.42,63,78,1328,0,0.07,93,295,103,7
936,L_MarkoviÄ‡,26,Midfielder,Fulham,Serbia,44,0,44,1,0,1,0,0,0,0,0,0,0,0,0,0,0,0,0,0,0,0,0,0,0,0,0,0,0,0,44,0,0,0,-1,-1,-1,16
937,L_Dendoncker,25,Midfielder,Wolverhampton Wanderers,Belgium,1469,635,834,19,9,10,2,1,1,0,0,0,0,0,4,4,0,19,6,13,1,0,0.12,0,0.12,0.14,0.11,735,1.16,77,77,1469,0,0.06,146,331,-1,8
938,L_Bacuna,29,Midfielder,Cardiff City,CuraÃ§ao,554,302,252,11,6,5,0,0,0,0,0,0,0,0,4,2,2,11,10,1,2,0,0,0,0,0,0,0,1.79,50,50,277,0,0.32,281,309,-1,25
939,L_Grant,37,Goalkeeper,Manchester United,England,0,0,0,0,0,0,0,0,0,0,0,0,0,0,0,0,0,0,0,0,0,0,0,0,0,0,0,0,0,0,0,0,0,0,-1,-1,-1,-1
940,L_Peltier,34,Defender,Cardiff City,England,1542,521,1021,20,7,13,0,0,0,0,0,0,0,0,6,2,4,21,9,12,4,0,0,0,0,0,0,0,1.23,73,77,386,0,0.23,352,391,72,21
941,L_Baines,36,Defender,Everton,England,376,141,235,6,3,3,0,0,0,0,0,0,0,0,1,0,1,6,2,4,0,0,0,0,0,0,0,0,1.44,63,63,0,0,0,410,287,109,21
942,L_Balogun,32,Defender,Brighton & Hove Albion,Nigeria,591,309,282,8,4,4,1,1,0,0,0,0,0,0,0,0,0,9,5,4,2,0,0.15,0,0.15,0.29,0,591,1.37,66,74,296,0,0.3,121,292,97,12
943,L_Bonatini_Lohner_Maia,26,Forward,Wolverhampton Wanderers,Brazil,128,61,67,7,4,3,0,0,0,1,0,1,0,0,3,2,1,0,0,0,0,0,0.7,0.7,0,0,0,0,0,0,18,0,128,0,-1,-1,-1,14
944,L_SanÃ©,25,Midfielder,Manchester City,Germany,1867,1024,843,31,16,15,10,5,5,10,6,4,0,0,16,8,8,14,8,6,1,0,0.96,0.48,0.48,0.44,0.53,187,0.67,133,60,1867,187,0.05,19,4,-1,3
945,L_Cass,20,Defender,Newcastle United,England,0,0,0,0,0,0,0,0,0,0,0,0,0,0,0,0,0,0,0,0,0,0,0,0,0,0,0,0,0,0,0,0,0,0,-1,-1,-1,-1
946,L_Cook,23,Midfielder,AFC Bournemouth,England,721,381,340,13,7,6,0,0,0,0,0,0,0,0,3,1,2,10,5,5,2,0,0,0,0,0,0,0,1.25,72,55,361,0,0.25,362,393,-1,24
947,L_Dunk,29,Defender,Brighton & Hove Albion,England,3153,1550,1603,36,18,18,2,0,2,1,0,1,0,0,7,5,2,53,24,29,7,1,0.09,0.03,0.06,0,0.11,1577,1.51,59,88,450,3153,0.2,203,252,120,5
948,L¯c_Damour,29,Midfielder,Cardiff City,France,21,4,17,2,1,1,0,0,0,0,0,0,0,0,0,0,0,2,0,2,0,0,0,0,0,0,0,0,8.57,11,11,0,0,0,-1,-1,-1,15
949,L_Karius,27,Goalkeeper,Liverpool,Germany,0,0,0,0,0,0,0,0,0,0,0,0,0,0,0,0,0,0,0,0,0,0,0,0,0,0,0,0,0,0,0,0,0,0,-1,-1,-1,-1
950,L_de_la_Torre,22,Midfielder,Fulham,USA,0,0,0,0,0,0,0,0,0,0,0,0,0,0,0,0,0,0,0,0,0,0,0,0,0,0,0,0,0,0,0,0,0,0,-1,-1,-1,-1
951,L_Digne,27,Defender,Everton,France,2990,1511,1479,35,17,18,4,2,2,4,2,2,0,0,14,9,5,36,16,20,6,1,0.24,0.12,0.12,0.12,0.12,748,1.08,83,85,427,748,0.21,147,125,42,5
952,L_Perez,32,Forward,West Ham United,Spain,468,287,181,15,10,5,3,3,0,0,0,0,0,0,3,2,1,9,5,4,0,0,0.58,0,0.58,0.94,0,156,1.73,52,31,0,0,0,10,276,-1,6
953,L_Rodrigues_Moura_da_Silva,28,Midfielder,Tottenham Hotspur,Brazil,2127,1040,1087,32,15,17,10,6,4,0,0,0,0,0,12,7,5,16,9,7,3,0,0.42,0,0.42,0.52,0.33,213,0.68,133,66,709,0,0.13,30,279,-1,3
954,L_Torreira,24,Midfielder,Arsenal,Uruguay,2377,1231,1146,34,17,17,2,2,0,2,0,2,0,0,6,5,1,35,10,25,8,1,0.15,0.08,0.08,0.15,0,1189,1.33,68,70,264,1189,0.34,190,174,-1,10
955,L_Vietto,27,Forward,Fulham,Argentina,983,549,434,20,9,11,1,1,0,4,4,0,0,0,1,1,0,21,11,10,1,0,0.46,0.37,0.09,0.16,0,983,1.92,47,49,983,246,0.09,180,11,-1,8
956,L_MilivojeviÄ‡,29,Midfielder,Crystal Palace,Serbia,3420,1710,1710,38,19,19,12,7,5,2,0,2,10,1,12,7,5,47,20,27,10,0,0.37,0.05,0.32,0.37,0.26,285,1.24,73,90,342,1710,0.26,59,210,-1,1
957,L_Amos,23,Midfielder,Tottenham Hotspur,England,2,0,2,1,0,1,0,0,0,0,0,0,0,0,0,0,0,0,0,0,0,0,0,0,0,0,0,0,0,0,2,0,0,0,-1,-1,-1,23
958,L_Dreher,22,Midfielder,Crystal Palace,England,0,0,0,1,1,0,0,0,0,0,0,0,0,0,0,0,0,0,0,0,0,0,0,0,0,0,0,0,0,0,0,0,0,0,-1,-1,-1,-1
959,L_Shaw,25,Defender,Manchester United,England,2592,1170,1422,29,13,16,1,1,0,4,2,2,0,0,6,1,5,36,16,20,11,0,0.17,0.14,0.03,0.08,0,2592,1.25,72,89,236,648,0.38,262,105,77,13
960,L_Mousset,24,Forward,AFC Bournemouth,France,345,96,249,24,13,11,1,0,1,0,0,0,0,0,5,4,1,13,4,9,1,0,0.26,0,0.26,0,0.36,345,3.39,27,14,345,0,0.26,75,395,-1,11
961,M_Stekelenburg,38,Goalkeeper,Everton,Netherlands,0,0,0,0,0,0,0,0,0,0,0,0,0,0,0,0,0,0,0,0,0,0,0,0,0,0,0,0,0,0,0,0,0,0,-1,-1,-1,-1
962,M_Sakho,30,Defender,Crystal Palace,France,2417,1170,1247,27,13,14,0,0,0,0,0,0,0,0,9,5,4,32,10,22,2,0,0,0,0,0,0,0,1.19,76,90,1209,0,0.07,322,403,64,21
963,M_Gabbiadini,29,Forward,Southampton,Italy,470,253,217,12,6,6,1,1,0,0,0,0,0,0,3,2,1,11,3,8,0,0,0.19,0,0.19,0.36,0,470,2.11,43,39,0,0,0,100,357,-1,12
964,M_Lanzini,27,Midfielder,West Ham United,Argentina,688,367,321,10,5,5,1,0,1,1,0,1,0,0,2,2,0,11,5,6,2,0,0.26,0.13,0.13,0,0.28,688,1.44,63,69,344,688,0.26,130,111,-1,12
965,M_Albrighton,31,Midfielder,Leicester City,England,1626,797,829,27,14,13,2,1,1,2,1,1,0,0,9,5,4,17,8,9,3,0,0.22,0.11,0.11,0.11,0.11,813,0.94,96,60,542,813,0.17,156,140,-1,8
966,M_Guehi,20,Defender,Chelsea,England,0,0,0,0,0,0,0,0,0,0,0,0,0,0,0,0,0,0,0,0,0,0,0,0,0,0,0,0,0,0,0,0,0,0,-1,-1,-1,-1
967,M_Navarro_Ceciliano,25,Defender,Watford,Spain,84,0,84,2,0,2,0,0,0,0,0,0,0,0,0,0,0,2,0,2,0,0,0,0,0,0,0,0,2.14,42,42,0,0,0,-1,-1,-1,15
968,M_Pugh,33,Midfielder,AFC Bournemouth,England,0,0,0,0,0,0,0,0,0,0,0,0,0,0,0,0,0,0,0,0,0,0,0,0,0,0,0,0,0,0,0,0,0,0,-1,-1,-1,-1
969,M_Alonso,30,Defender,Chelsea,Spain,2761,1338,1423,31,15,16,2,1,1,4,3,1,0,0,14,8,6,28,9,19,6,0,0.2,0.13,0.07,0.07,0.06,1381,0.91,99,89,460,690,0.2,191,112,22,10
970,M_Bettinelli,28,Goalkeeper,Fulham,England,630,270,360,7,3,4,0,0,0,0,0,0,0,0,0,0,0,19,7,12,1,0,0,0,0,0,0,0,2.71,33,90,630,0,0.14,296,283,174,14
971,M_Rashford,23,Forward,Manchester United,England,2362,1293,1069,33,17,16,10,4,6,6,3,3,0,0,6,2,4,34,17,17,4,1,0.61,0.23,0.38,0.28,0.51,236,1.3,69,72,472,394,0.19,41,52,-1,3
972,M_Lemina,27,Midfielder,Southampton,Gabon,1615,763,852,21,9,12,1,0,1,1,0,1,0,0,4,2,2,32,12,20,5,0,0.11,0.06,0.06,0,0.11,1615,1.78,50,77,323,1615,0.28,211,195,-1,10
973,M_Noble,33,Midfielder,West Ham United,England,2308,1147,1161,31,15,16,5,2,3,5,4,1,4,0,7,4,3,29,12,17,7,1,0.39,0.19,0.19,0.16,0.23,462,1.13,80,74,289,462,0.31,96,70,-1,5
974,M_Travers,21,Goalkeeper,AFC Bournemouth,Republic of Ireland,180,90,90,2,1,1,0,0,0,0,0,0,0,0,1,1,0,5,0,5,0,0,0,0,0,0,0,0,2.5,36,90,0,0,0,-1,-1,-1,28
975,M_ArnautoviÄ‡,31,Forward,West Ham United,Austria,2000,1083,917,28,15,13,10,7,3,4,1,3,1,0,5,3,2,31,17,14,3,0,0.63,0.18,0.45,0.58,0.29,200,1.4,65,71,667,500,0.14,26,76,-1,1
976,M_Suttner,33,Defender,Brighton & Hove Albion,Austria,0,0,0,0,0,0,0,0,0,0,0,0,0,0,0,0,0,0,0,0,0,0,0,0,0,0,0,0,0,0,0,0,0,0,-1,-1,-1,-1
977,M_Fellaini,33,Midfielder,Manchester United,Belgium,744,217,527,14,6,8,0,0,0,1,0,1,0,0,2,1,1,13,2,11,1,0,0.12,0.12,0,0,0,0,1.57,57,53,744,744,0.12,341,129,-1,22
978,M_DÃºbravka,31,Goalkeeper,Newcastle United,Slovakia,3420,1710,1710,38,19,19,0,0,0,0,0,0,0,0,11,5,6,44,23,21,1,0,0,0,0,0,0,0,1.16,78,90,3420,0,0.03,345,317,58,18
979,M_Kelly,30,Defender,Crystal Palace,England,1110,660,450,13,8,5,0,0,0,0,0,0,0,0,3,2,1,18,11,7,2,0,0,0,0,0,0,0,1.46,62,85,555,0,0.16,326,350,110,18
980,M­n_Montoya,29,Defender,Brighton & Hove Albion,Spain,2166,1176,990,25,14,11,0,0,0,1,0,1,0,0,3,3,0,38,18,20,4,0,0.04,0.04,0,0,0,0,1.58,57,87,542,2166,0.17,294,229,128,13
981,M_Greenwood,19,Midfielder,Manchester United,England,115,105,10,3,2,1,0,0,0,0,0,0,0,0,0,0,0,2,2,0,0,0,0,0,0,0,0,0,1.57,58,38,0,0,0,-1,-1,-1,27
982,M_Holgate,24,Defender,Everton,England,407,270,137,5,3,2,0,0,0,0,0,0,0,0,0,0,0,9,5,4,1,0,0,0,0,0,0,0,1.99,45,81,407,0,0.22,414,390,160,16
983,M›j_Vydra,28,Forward,Burnley,Czech Republic,311,91,220,13,6,7,1,1,0,1,0,1,0,0,1,1,0,4,0,4,1,0,0.58,0.29,0.29,0.99,0,311,1.16,78,24,311,311,0.29,66,23,-1,12
984,M_KovaÄiÄ‡,26,Midfielder,Chelsea,Croatia,1743,968,775,32,17,15,0,0,0,2,1,1,0,0,12,8,4,18,4,14,3,0,0.1,0.1,0,0,0,0,0.93,97,54,581,872,0.15,291,150,-1,20
985,M_Ryan,28,Goalkeeper,Brighton & Hove Albion,Australia,3060,1530,1530,34,17,17,0,0,0,0,0,0,0,0,6,4,2,52,25,27,2,0,0,0,0,0,0,0,1.53,59,90,1530,0,0.06,398,389,122,15
986,M_Jattah-Njie_JÃ¸rgensen,30,Defender,Huddersfield Town,Denmark,2148,1248,900,24,14,10,3,1,2,1,0,1,0,0,3,2,1,37,21,16,6,0,0.17,0.04,0.13,0.07,0.2,716,1.55,58,90,358,2148,0.25,129,235,125,2
987,M_Butcher,23,Midfielder,AFC Bournemouth,England,0,0,0,0,0,0,0,0,0,0,0,0,0,0,0,0,0,0,0,0,0,0,0,0,0,0,0,0,0,0,0,0,0,0,-1,-1,-1,-1
988,M_Doherty,28,Defender,Wolverhampton Wanderers,Republic of Ireland,3147,1557,1590,38,19,19,4,1,3,5,4,1,0,0,9,7,2,38,18,20,5,0,0.26,0.14,0.11,0.06,0.17,787,1.09,83,83,629,629,0.14,155,100,46,5
989,M_Ritchie,31,Midfielder,Newcastle United,Scotland,2940,1557,1383,36,19,17,2,1,1,8,2,6,1,1,11,5,6,37,21,16,9,0,0.31,0.24,0.06,0.06,0.07,1470,1.13,79,82,327,368,0.28,216,46,-1,6
990,M_Targett,25,Defender,Southampton,England,1185,483,702,16,7,9,1,1,0,3,2,1,0,0,1,0,1,24,10,14,2,0,0.3,0.23,0.08,0.19,0,1185,1.82,49,74,593,395,0.15,183,51,151,11
991,M_Darmian,31,Defender,Manchester United,Italy,443,353,90,6,5,1,0,0,0,0,0,0,0,0,1,1,0,7,4,3,0,0,0,0,0,0,0,0,1.42,63,74,0,0,0,411,280,102,25
992,M©o_Guendouzi_OliÃ©,21,Midfielder,Arsenal,France,2143,971,1172,33,14,19,0,0,0,0,0,0,0,0,4,3,1,28,9,19,9,0,0,0,0,0,0,0,1.18,77,65,238,0,0.38,386,405,-1,26
993,M_Connolly,33,Defender,Cardiff City,England,0,0,0,0,0,0,0,0,0,0,0,0,0,0,0,0,0,0,0,0,0,0,0,0,0,0,0,0,0,0,0,0,0,0,-1,-1,-1,-1
994,M_Lowton,31,Defender,Burnley,England,1748,810,938,21,9,12,0,0,0,0,0,0,0,0,4,2,2,35,16,19,7,0,0,0,0,0,0,0,1.8,50,83,250,0,0.36,378,342,150,22
995,M_Daly,19,Midfielder,Huddersfield Town,England,73,49,24,2,1,1,0,0,0,0,0,0,0,0,0,0,0,1,1,0,0,0,0,0,0,0,0,0,1.23,73,37,0,0,0,-1,-1,-1,18
996,M_Harrison_Sanders,22,Midfielder,Brighton & Hove Albion,England,0,0,0,0,0,0,0,0,0,0,0,0,0,0,0,0,0,0,0,0,0,0,0,0,0,0,0,0,0,0,0,0,0,0,-1,-1,-1,-1
997,M_Kilman,23,Defender,Wolverhampton Wanderers,England,0,0,0,1,1,0,0,0,0,0,0,0,0,0,1,1,0,0,0,0,0,0,0,0,0,0,0,0,0,0,0,0,0,0,-1,-1,-1,-1
998,M_Meyer,25,Midfielder,Crystal Palace,Germany,1414,718,696,29,18,11,1,0,1,2,0,2,0,0,8,7,1,19,5,14,3,0,0.19,0.13,0.06,0,0.13,1414,1.21,74,49,471,707,0.19,209,110,-1,8
999,M_Le_Marchand,31,Defender,Fulham,France,2251,1171,1080,26,14,12,0,0,0,1,1,0,0,0,4,3,1,50,23,27,5,0,0.04,0.04,0,0,0,0,2,45,87,450,2251,0.2,314,219,162,23
1000,M_Yoshida,32,Defender,Southampton,Japan,1520,800,720,17,9,8,0,0,0,1,1,0,0,0,3,1,2,27,14,13,0,0,0.06,0.06,0,0,0,0,1.6,56,89,0,1520,0,308,192,133,23
1001,M_Ã–zil,32,Midfielder,Arsenal,Germany,1741,1139,602,24,14,10,5,4,1,2,2,0,0,0,6,5,1,23,11,12,2,0,0.36,0.1,0.26,0.32,0.15,348,1.19,76,73,871,871,0.1,73,151,-1,4
1002,M_Keane,27,Defender,Everton,England,2970,1350,1620,33,15,18,1,0,1,2,1,1,0,0,13,8,5,37,15,22,2,0,0.09,0.06,0.03,0,0.06,2970,1.12,80,90,1485,1485,0.06,251,196,49,10
1003,M_Obafemi,20,Forward,Southampton,Republic of Ireland,134,64,70,6,2,4,1,0,1,1,1,0,0,0,0,0,0,2,2,0,1,0,1.34,0.67,0.67,0,1.29,134,1.34,67,22,134,134,0.67,-1,-1,-1,16
1004,M_Antonio,30,Midfielder,West Ham United,England,2099,998,1101,33,16,17,6,4,2,4,2,2,0,0,5,3,2,26,10,16,3,0,0.43,0.17,0.26,0.36,0.16,350,1.11,81,64,700,525,0.13,77,85,-1,4
1005,M_Vorm,37,Goalkeeper,Tottenham Hotspur,Netherlands,180,90,90,2,1,1,0,0,0,0,0,0,0,0,0,0,0,4,2,2,0,0,0,0,0,0,0,0,2,45,90,0,0,0,-1,-1,-1,22
1006,M_Batshuayi,27,Forward,Crystal Palace,Belgium,756,368,388,11,6,5,5,2,3,0,0,0,0,0,3,2,1,11,7,4,0,0,0.6,0,0.6,0.49,0.7,151,1.31,69,69,0,0,0,8,307,-1,4
1007,M_Ãngel_AlmirÃ³n_Rejala,26,Midfielder,Newcastle United,Paraguay,763,405,358,10,5,5,0,0,0,0,0,0,0,0,3,2,1,10,4,6,0,0,0,0,0,0,0,0,1.18,76,76,0,0,0,282,311,-1,24
1008,M_Ãngel_Britos_Cabrera,35,Defender,Watford,Uruguay,185,13,172,3,1,2,0,0,0,0,0,0,0,0,1,1,0,5,0,5,0,0,0,0,0,0,0,0,2.43,37,62,0,0,0,-1,-1,-1,25
1009,M_DiamÃ©,33,Midfielder,Newcastle United,Senegal,2165,960,1205,29,13,16,0,0,0,0,0,0,0,0,9,3,6,28,13,15,3,0,0,0,0,0,0,0,1.16,77,75,722,0,0.12,348,267,-1,21
1010,M_Elneny,28,Midfielder,Arsenal,Egypt,381,214,167,8,5,3,0,0,0,0,0,0,0,0,2,2,0,4,2,2,0,0,0,0,0,0,0,0,0.94,95,48,0,0,0,388,409,-1,21
1011,M_Elyounoussi,26,Midfielder,Southampton,Norway,790,393,397,16,8,8,0,0,0,0,0,0,0,0,4,2,2,8,5,3,0,0,0,0,0,0,0,0,0.91,99,49,0,0,0,375,368,-1,26
1012,M_Salah,28,Forward,Liverpool,Egypt,3262,1692,1570,38,19,19,22,13,9,8,5,3,3,0,21,12,9,18,8,10,1,0,0.83,0.22,0.61,0.69,0.52,148,0.5,181,86,3262,408,0.03,7,57,-1,2
1013,M_Gibbs-White,20,Midfielder,Wolverhampton Wanderers,England,647,426,221,26,13,13,0,0,0,1,1,0,0,0,5,5,0,9,5,4,1,0,0.14,0.14,0,0,0,0,1.25,72,25,647,647,0.14,408,107,-1,16
1014,M_Schneiderlin,31,Midfielder,Everton,France,833,473,360,14,9,5,0,0,0,1,1,0,0,0,7,5,2,9,5,4,2,0,0.11,0.11,0,0,0,0,0.97,93,60,417,833,0.22,412,138,-1,20
1015,M_Dembele,33,Midfielder,Tottenham Hotspur,Belgium,516,161,355,10,3,7,0,0,0,0,0,0,0,0,3,0,3,5,3,2,1,0,0,0,0,0,0,0,0.87,103,52,516,0,0.17,355,277,-1,24
1016,M_Sissoko,31,Midfielder,Tottenham Hotspur,France,2336,1187,1149,29,15,14,0,0,0,3,2,1,0,0,11,6,5,26,10,16,2,0,0.12,0.12,0,0,0,0,1,90,81,1168,779,0.08,354,131,-1,25
1017,N'Golo_KantÃ©,29,Midfielder,Chelsea,France,3096,1579,1517,36,19,17,4,2,2,4,3,1,0,0,15,10,5,37,12,25,3,0,0.23,0.12,0.12,0.11,0.12,774,1.08,84,86,1032,774,0.09,141,126,-1,6
1018,N_Deco_KeÃ¯ta,25,Midfielder,Liverpool,Guinea,1392,729,663,25,14,11,2,1,1,1,1,0,0,0,15,10,5,7,4,3,0,0,0.19,0.06,0.13,0.12,0.14,696,0.45,199,56,0,1392,0,138,190,-1,9
1019,N_Monreal,34,Defender,Arsenal,Spain,1861,781,1080,22,10,12,1,1,0,3,0,3,0,0,6,5,1,21,3,18,5,0,0.19,0.15,0.05,0.12,0,1861,1.02,89,85,372,620,0.24,222,98,37,11
1020,N_Mendy,28,Midfielder,Leicester City,France,2088,1006,1082,31,16,15,0,0,0,0,0,0,0,0,9,5,4,26,11,15,5,0,0,0,0,0,0,0,1.12,80,67,418,0,0.22,271,397,-1,18
1021,N_AkÃ©,25,Defender,AFC Bournemouth,Netherlands,3412,1710,1702,38,19,19,4,3,1,0,0,0,0,0,10,6,4,66,23,43,3,0,0.11,0,0.11,0.16,0.05,853,1.74,52,90,1137,0,0.08,150,337,148,5
1022,N_Holland,22,Midfielder,West Ham United,England,0,0,0,0,0,0,0,0,0,0,0,0,0,0,0,0,0,0,0,0,0,0,0,0,0,0,0,0,0,0,0,0,0,0,-1,-1,-1,-1
1023,N_Redmond,26,Midfielder,Southampton,England,3276,1633,1643,38,19,19,6,4,2,4,2,2,0,0,7,3,4,53,22,31,3,0,0.27,0.11,0.16,0.22,0.11,546,1.46,62,86,1092,819,0.08,116,137,-1,3
1024,N_Chalobah,26,Midfielder,Watford,England,266,67,199,9,3,6,0,0,0,0,0,0,0,0,1,1,0,5,2,3,2,0,0,0,0,0,0,0,1.69,53,30,133,0,0.68,-1,-1,-1,19
1025,N_Clyne,29,Defender,AFC Bournemouth,England,1254,684,570,18,10,8,0,0,0,1,0,1,0,0,6,4,2,24,6,18,2,0,0.07,0.07,0,0,0,0,1.72,52,70,627,1254,0.14,392,180,146,22
1026,N_Mendez-Laing,28,Midfielder,Cardiff City,England,984,442,542,20,9,11,4,0,4,1,1,0,1,0,6,3,3,15,8,7,0,0,0.46,0.09,0.37,0,0.66,246,1.37,66,49,0,984,0,46,159,-1,5
1027,N_Kebano,28,Midfielder,Fulham,Congo DR,103,74,29,7,5,2,0,0,0,0,0,0,0,0,0,0,0,1,0,1,0,0,0,0,0,0,0,0,0.87,103,15,0,0,0,-1,-1,-1,18
1028,N_Leonard_Dula_Etheridge,30,Goalkeeper,Cardiff City,Philippines,3420,1710,1710,38,19,19,0,0,0,0,0,0,0,0,10,5,5,61,34,27,2,0,0,0,0,0,0,0,1.61,56,90,1710,0,0.05,363,392,134,17
1029,N_MatiÄ‡,32,Midfielder,Manchester United,Serbia,2441,1051,1390,28,12,16,1,1,0,0,0,0,0,0,6,1,5,35,14,21,8,1,0.04,0,0.04,0.09,0,2441,1.29,70,87,305,0,0.29,239,257,-1,11
1030,N_Otamendi,32,Defender,Manchester City,Argentina,1233,682,551,18,9,9,0,0,0,0,0,0,0,0,10,3,7,7,6,1,1,0,0,0,0,0,0,0,0.51,176,69,1233,0,0.07,273,385,4,16
1031,N_Tavares,21,Defender,Crystal Palace,England,0,0,0,0,0,0,0,0,0,0,0,0,0,0,0,0,0,0,0,0,0,0,0,0,0,0,0,0,0,0,0,0,0,0,-1,-1,-1,-1
1032,N_Ofoborh,21,Midfielder,AFC Bournemouth,England,0,0,0,0,0,0,0,0,0,0,0,0,0,0,0,0,0,0,0,0,0,0,0,0,0,0,0,0,0,0,0,0,0,0,-1,-1,-1,-1
1033,O_Zinchenko,24,Midfielder,Manchester City,Ukraine,1153,613,540,14,8,6,0,0,0,3,2,1,0,0,10,6,4,4,2,2,1,0,0.23,0.23,0,0,0,0,0.31,288,82,1153,384,0.08,284,50,-1,20
1034,O_Skipp,20,Midfielder,Tottenham Hotspur,England,216,191,25,8,6,2,0,0,0,0,0,0,0,0,4,3,1,0,0,0,0,0,0,0,0,0,0,0,0,0,27,0,0,0,-1,-1,-1,16
1035,O_Giroud,34,Forward,Chelsea,France,832,446,386,27,14,13,2,1,1,4,3,1,0,0,12,7,5,4,1,3,1,0,0.65,0.43,0.22,0.2,0.23,416,0.43,208,31,832,208,0.11,86,7,-1,12
1036,O_Wilfred_Ndidi,24,Midfielder,Leicester City,Nigeria,3299,1624,1675,38,19,19,2,2,0,0,0,0,0,0,10,6,4,42,18,24,8,0,0.05,0,0.05,0.11,0,1650,1.15,79,87,412,0,0.22,218,332,-1,9
1037,O_Romeu,29,Midfielder,Southampton,Spain,2140,1110,1030,31,16,15,1,1,0,0,0,0,0,0,6,3,3,32,16,16,11,0,0.04,0,0.04,0.08,0,2140,1.35,67,69,195,0,0.46,244,371,-1,9
1038,O_Niasse,30,Forward,Cardiff City,Senegal,998,435,563,18,8,10,0,0,0,0,0,0,0,0,3,2,1,12,5,7,0,0,0,0,0,0,0,0,1.08,83,55,0,0,0,415,388,-1,13
1039,P_Zabaleta,35,Defender,West Ham United,Argentina,2092,1216,876,26,14,12,0,0,0,1,1,0,0,0,4,2,2,32,22,10,4,0,0.04,0.04,0,0,0,0,1.38,65,80,523,2092,0.17,370,223,99,23
1040,P_N'Diaye_SouarÃ©,30,Defender,Crystal Palace,Senegal,0,0,0,1,0,1,0,0,0,0,0,0,0,0,1,0,1,0,0,0,0,0,0,0,0,0,0,0,0,0,0,0,0,0,-1,-1,-1,-1
1041,P_GroÃŸ,29,Midfielder,Brighton & Hove Albion,Germany,1878,993,885,25,13,12,3,2,1,3,1,2,1,1,3,2,1,31,16,15,1,0,0.29,0.14,0.14,0.18,0.1,626,1.49,61,75,1878,626,0.05,126,104,-1,4
1042,P_van_Aanholt,30,Defender,Crystal Palace,Netherlands,3198,1703,1495,36,19,17,3,2,1,2,0,2,0,0,12,7,5,41,19,22,3,0,0.14,0.06,0.08,0.11,0.06,1066,1.15,78,89,1066,1599,0.08,184,199,53,6
1043,P_Dummett,29,Defender,Newcastle United,Wales,1986,979,1007,26,13,13,0,0,0,0,0,0,0,0,9,3,6,27,15,12,1,0,0,0,0,0,0,0,1.22,74,76,1986,0,0.05,347,269,69,22
1044,P_Pogba,27,Midfielder,Manchester United,France,3011,1517,1494,35,18,17,13,10,3,9,4,5,7,3,7,2,5,41,20,21,6,0,0.66,0.27,0.39,0.59,0.18,232,1.23,73,86,502,335,0.18,37,30,-1,1
1045,P_Dino_Gazzaniga,29,Goalkeeper,Tottenham Hotspur,Argentina,270,0,270,3,0,3,0,0,0,0,0,0,0,0,1,0,1,1,0,1,0,0,0,0,0,0,0,0,0.33,270,90,0,0,0,-1,-1,-1,15
1046,P_Obiang,28,Midfielder,West Ham United,Equatorial Guinea,1121,609,512,24,13,11,0,0,0,1,0,1,0,0,7,4,3,17,9,8,0,0,0.08,0.08,0,0,0,0,1.36,66,47,0,1121,0,371,168,-1,22
1047,P_Rodriguez,33,Midfielder,Chelsea,Spain,1780,958,822,31,15,16,8,6,2,2,2,0,0,0,11,7,4,18,7,11,2,0,0.51,0.1,0.4,0.56,0.22,223,0.91,99,57,890,890,0.1,35,144,-1,2
1048,P_Crouch,39,Forward,Burnley,England,86,56,30,6,4,2,0,0,0,0,0,0,0,0,0,0,0,0,0,0,1,0,0,0,0,0,0,0,0,0,14,86,0,1.05,-1,-1,-1,23
1049,P_ÄŒech,38,Goalkeeper,Arsenal,Czech Republic,585,315,270,7,4,3,0,0,0,0,0,0,0,0,2,2,0,8,3,5,0,0,0,0,0,0,0,0,1.23,73,84,0,0,0,384,377,71,20
1050,P_Bardsley,35,Defender,Burnley,Scotland,1672,900,772,19,10,9,0,0,0,0,0,0,0,0,4,3,1,22,11,11,9,0,0,0,0,0,0,0,1.18,76,88,186,0,0.48,383,355,62,17
1051,P_Jagielka,38,Defender,Everton,England,329,95,234,7,3,4,1,1,0,0,0,0,0,0,5,3,2,2,0,2,1,1,0.27,0,0.27,0.95,0,329,0.55,165,47,165,0,0.55,71,272,9,13
1052,P_Jones,28,Defender,Manchester United,England,1263,652,611,18,9,9,0,0,0,1,0,1,0,0,4,0,4,16,9,7,1,0,0.07,0.07,0,0,0,0,1.14,79,70,1263,1263,0.07,299,189,51,24
1053,P_Billing,24,Midfielder,Huddersfield Town,Denmark,2192,1106,1086,27,13,14,2,1,1,0,0,0,0,0,5,3,2,41,17,24,7,0,0.08,0,0.08,0.08,0.08,1096,1.68,53,81,313,0,0.29,185,372,-1,4
1054,P_Foden,20,Midfielder,Manchester City,England,327,279,48,13,10,3,1,1,0,0,0,0,0,0,8,6,2,0,0,0,0,0,0.28,0,0.28,0.32,0,327,0,0,25,0,0,0,67,386,-1,11
1055,P_Sandler,23,Defender,Manchester City,Netherlands,0,0,0,0,0,0,0,0,0,0,0,0,0,0,0,0,0,0,0,0,0,0,0,0,0,0,0,0,0,0,0,0,0,0,-1,-1,-1,-1
1056,P-Emerick_Aubameyang,31,Forward,Arsenal,Gabon,2731,1418,1313,36,19,17,22,13,9,5,4,1,4,1,8,7,1,40,14,26,0,0,0.89,0.16,0.73,0.83,0.62,124,1.32,68,76,0,546,0,3,88,-1,1
1057,P-Emile_HÃ¸jbjerg,25,Midfielder,Southampton,Denmark,2764,1416,1348,31,16,15,4,2,2,3,2,1,0,0,4,1,3,52,23,29,10,2,0.23,0.1,0.13,0.13,0.13,691,1.69,53,89,251,921,0.36,136,148,-1,5
1058,R_Ghezzal,28,Forward,Leicester City,Algeria,738,455,283,19,12,7,1,1,0,0,0,0,0,0,3,2,1,12,6,6,3,0,0.12,0,0.12,0.2,0,738,1.46,62,39,246,0,0.37,140,322,-1,12
1059,R_Euclides_Soares_Camacho,20,Midfielder,Liverpool,Portugal,0,0,0,1,1,0,0,0,0,0,0,0,0,0,0,0,0,0,0,0,0,0,0,0,0,0,0,0,0,0,0,0,0,0,-1,-1,-1,-1
1060,R_Sterling,26,Forward,Manchester City,England,2777,1256,1521,34,16,18,17,12,5,10,6,4,0,0,18,7,11,19,9,10,3,0,0.88,0.32,0.55,0.86,0.3,163,0.62,146,82,926,278,0.1,12,14,-1,2
1061,R_van_La_Parra,29,Midfielder,Huddersfield Town,Netherlands,407,168,239,5,2,3,0,0,0,0,0,0,0,0,1,1,0,6,1,5,0,0,0,0,0,0,0,0,1.33,68,81,0,0,0,335,396,-1,23
1062,R_Sobhi,23,Forward,Huddersfield Town,Egypt,75,30,45,4,1,3,0,0,0,0,0,0,0,0,0,0,0,1,0,1,0,0,0,0,0,0,0,0,1.2,75,19,0,0,0,-1,-1,-1,20
1063,R_Alonso_JimÃ©nez_RodrÃ­guez,29,Forward,Wolverhampton Wanderers,Mexico,3124,1648,1476,38,19,19,13,8,5,7,4,3,2,0,9,7,2,39,20,19,4,0,0.58,0.2,0.37,0.44,0.3,240,1.12,80,82,781,446,0.12,42,63,-1,1
1064,R_Healey,26,Forward,Cardiff City,England,49,17,32,3,1,2,0,0,0,0,0,0,0,0,1,1,0,1,0,1,0,0,0,0,0,0,0,0,1.84,49,16,0,0,0,-1,-1,-1,14
1065,R_Domingos_Barbosa_Pereira,27,Defender,Leicester City,Portugal,3125,1526,1599,35,17,18,2,2,0,6,3,3,0,0,10,6,4,40,16,24,7,0,0.23,0.17,0.06,0.12,0,1563,1.15,78,89,446,521,0.2,214,84,52,7
1066,R_de_Andrade,23,Forward,Everton,Brazil,2679,1283,1396,35,17,18,13,7,6,1,1,0,0,0,14,9,5,32,15,17,6,1,0.47,0.03,0.44,0.49,0.39,206,1.08,84,77,383,2679,0.24,28,250,-1,1
1067,R_Mahrez,29,Midfielder,Manchester City,Algeria,1339,647,692,27,14,13,7,1,6,4,2,2,0,1,13,6,7,9,4,5,0,0,0.74,0.27,0.47,0.14,0.78,191,0.6,149,50,0,335,0,22,32,-1,6
1068,R_Holding,25,Defender,Arsenal,England,807,501,306,10,6,4,0,0,0,0,0,0,0,0,2,2,0,10,5,5,1,0,0,0,0,0,0,0,1.12,81,81,807,0,0.11,389,411,47,24
1069,R_Brady,28,Midfielder,Burnley,Republic of Ireland,715,390,325,16,9,7,0,0,0,1,0,1,0,0,2,1,1,12,8,4,4,1,0.13,0.13,0,0,0,0,1.51,60,45,143,715,0.63,268,108,-1,13
1070,R_Kenedy_Nunes_do_Nascimento,24,Midfielder,Newcastle United,Brazil,1344,611,733,25,13,12,1,0,1,1,1,0,0,1,8,3,5,17,9,8,1,0,0.13,0.07,0.07,0,0.12,1344,1.14,79,54,1344,1344,0.07,193,184,-1,9
1071,R_Snodgrass,33,Midfielder,West Ham United,Scotland,2222,1108,1114,33,16,17,2,1,1,5,4,1,0,0,6,3,3,31,16,15,10,0,0.28,0.2,0.08,0.08,0.08,1111,1.26,72,67,222,444,0.41,188,64,-1,8
1072,R_Firmino,29,Forward,Liverpool,Brazil,2620,1347,1273,34,16,18,12,7,5,6,3,3,1,0,18,9,9,13,7,6,0,0,0.62,0.21,0.41,0.47,0.35,218,0.45,202,77,0,437,0,32,62,-1,3
1073,R_Maximiliano_Pereyra,30,Forward,Watford,Argentina,2825,1467,1358,33,17,16,6,5,1,1,0,1,0,0,5,3,2,52,27,25,3,0,0.22,0.03,0.19,0.31,0.07,471,1.66,54,86,942,2825,0.1,97,251,-1,4
1074,R_SaÃ¯ss,30,Midfielder,Wolverhampton Wanderers,Morocco,1144,544,600,19,8,11,2,1,1,0,0,0,0,0,4,3,1,16,6,10,7,0,0.16,0,0.16,0.17,0.15,572,1.26,72,60,163,0,0.55,115,264,-1,7
1075,R_Lukaku,27,Forward,Manchester United,Belgium,2130,982,1148,32,16,16,12,4,8,0,0,0,0,0,7,2,5,36,14,22,4,0,0.51,0,0.51,0.37,0.63,178,1.52,59,67,533,0,0.17,16,305,-1,2
1076,R,31,Forward,Newcastle United,Venezuela,2609,1343,1266,32,16,16,11,6,5,7,5,2,0,0,10,5,5,29,14,15,1,0,0.62,0.24,0.38,0.4,0.36,237,1,90,82,2609,373,0.03,40,43,-1,2
1077,R_Barkley,27,Midfielder,Chelsea,England,1241,432,809,27,11,16,3,1,2,5,2,3,0,0,11,5,6,13,5,8,1,0,0.58,0.36,0.22,0.21,0.22,414,0.94,95,46,1241,248,0.07,84,12,-1,7
1078,R_Diogo_Da_Silva_Neves,23,Midfielder,Wolverhampton Wanderers,Portugal,3009,1451,1558,35,17,18,4,3,1,3,2,1,2,0,8,6,2,40,19,21,8,0,0.21,0.09,0.12,0.19,0.06,752,1.2,75,86,376,1003,0.24,145,162,-1,3
1079,R_GonÃ§alo_Silva_Nascimento_Vinagre,21,Defender,Wolverhampton Wanderers,Portugal,703,514,189,17,12,5,0,0,0,0,0,0,0,0,5,4,1,9,6,3,1,0,0,0,0,0,0,0,1.15,78,41,703,0,0.13,406,323,54,15
1080,R_Loftus-Cheek,24,Midfielder,Chelsea,England,983,507,476,24,12,12,6,3,3,2,2,0,0,0,12,9,3,8,2,6,0,0,0.73,0.18,0.55,0.53,0.57,164,0.73,123,41,0,492,0,11,83,-1,3
1081,R_Pedro_dos_Santos_PatrÃ­cio,32,Goalkeeper,Wolverhampton Wanderers,Portugal,3330,1620,1710,37,18,19,0,0,0,0,0,0,0,0,8,6,2,43,20,23,0,0,0,0,0,0,0,0,1.16,77,90,0,0,0,405,328,56,19
1082,R_Bennett,30,Defender,Wolverhampton Wanderers,England,3060,1710,1350,34,19,15,1,1,0,0,0,0,0,0,9,7,2,36,20,16,12,0,0.03,0,0.03,0.05,0,3060,1.06,85,90,255,0,0.35,256,304,40,10
1083,R_Bertrand,31,Defender,Southampton,England,2160,1170,990,24,13,11,1,1,0,0,0,0,0,0,6,3,3,36,15,21,8,0,0.04,0,0.04,0.08,0,2160,1.5,60,90,270,0,0.33,245,366,117,13
1084,R_Fraser,26,Midfielder,AFC Bournemouth,Scotland,3173,1605,1568,38,19,19,7,5,2,14,5,9,0,0,10,6,4,61,23,38,2,0,0.6,0.4,0.2,0.28,0.11,453,1.73,52,84,1587,227,0.06,95,9,-1,3
1085,R_Fredericks,28,Midfielder,West Ham United,England,1085,404,681,15,5,10,1,1,0,0,0,0,0,0,3,2,1,13,1,12,5,0,0.08,0,0.08,0.22,0,1085,1.08,83,72,217,0,0.41,189,340,-1,11
1086,R_Giles,20,Midfielder,Wolverhampton Wanderers,England,0,0,0,0,0,0,0,0,0,0,0,0,0,0,0,0,0,0,0,0,0,0,0,0,0,0,0,0,0,0,0,0,0,0,-1,-1,-1,-1
1087,R_Guno_Babel,34,Forward,Fulham,Netherlands,1260,668,592,16,9,7,5,3,2,3,3,0,0,0,3,2,1,24,12,12,3,0,0.57,0.21,0.36,0.4,0.3,252,1.71,53,79,420,420,0.21,47,61,-1,3
1088,R_Schofield,21,Goalkeeper,Huddersfield Town,England,0,0,0,0,0,0,0,0,0,0,0,0,0,0,0,0,0,0,0,0,0,0,0,0,0,0,0,0,0,0,0,0,0,0,-1,-1,-1,-1
1089,R_Sessegnon,20,Defender,Fulham,England,2298,1095,1203,35,18,17,2,1,1,6,3,3,0,0,4,3,1,58,22,36,0,0,0.31,0.23,0.08,0.08,0.07,1149,2.27,40,66,0,383,0,182,53,168,6
1090,S_ManÃ©,28,Forward,Liverpool,Senegal,3086,1643,1443,36,19,17,22,18,4,1,0,1,0,0,20,12,8,18,8,10,2,0,0.67,0.03,0.64,0.99,0.25,140,0.52,171,86,1543,3086,0.06,4,249,-1,1
1091,S_Gallagher,25,Forward,Southampton,England,30,7,23,4,1,3,0,0,0,0,0,0,0,0,1,0,1,0,0,0,0,0,0,0,0,0,0,0,0,0,8,0,0,0,-1,-1,-1,17
1092,S_Surridge,22,Forward,AFC Bournemouth,England,11,0,11,2,0,2,0,0,0,0,0,0,0,0,0,0,0,0,0,0,0,0,0,0,0,0,0,0,0,0,6,0,0,0,-1,-1,-1,15
1093,S_Vokes,31,Forward,Burnley,Wales,913,455,458,20,10,10,3,2,1,0,0,0,0,0,4,2,2,18,9,9,0,0,0.3,0,0.3,0.4,0.2,304,1.77,51,46,0,0,0,64,351,-1,3
1094,S_Woods,22,Defender,Crystal Palace,England,0,0,0,0,0,0,0,0,0,0,0,0,0,0,0,0,0,0,0,0,0,0,0,0,0,0,0,0,0,0,0,0,0,0,-1,-1,-1,-1
1095,S_Nasri,33,Midfielder,West Ham United,France,246,102,144,5,2,3,0,0,0,2,2,0,0,0,1,1,0,2,1,1,0,0,0.73,0.73,0,0,0,0,0.73,123,49,0,123,0,-1,-1,-1,15
1096,S_Ramirez,25,Forward,Everton,Spain,0,0,0,0,0,0,0,0,0,0,0,0,0,0,0,0,0,0,0,0,0,0,0,0,0,0,0,0,0,0,0,0,0,0,-1,-1,-1,-1
1097,S_Dann,33,Defender,Crystal Palace,England,660,360,300,10,4,6,0,0,0,1,0,1,0,0,3,2,1,7,4,3,1,0,0.14,0.14,0,0,0,0,0.95,94,66,660,660,0.14,276,101,24,14
1098,S_McTominay,24,Midfielder,Manchester United,England,861,345,516,16,7,9,2,0,2,0,0,0,0,0,3,1,2,17,6,11,1,0,0.21,0,0.21,0,0.35,431,1.78,51,54,861,0,0.1,91,303,-1,8
1099,S_KolaÅ¡inac,27,Defender,Arsenal,Bosnia and Herzegovina,1891,1127,764,24,14,10,0,0,0,5,3,2,0,0,5,5,0,26,10,16,5,0,0.24,0.24,0,0,0,0,1.24,73,79,378,378,0.24,285,45,75,22
1100,S©amus_Coleman,32,Defender,Everton,Republic of Ireland,2560,1333,1227,29,15,14,2,2,0,2,0,2,0,0,13,8,5,29,15,14,1,0,0.14,0.07,0.07,0.14,0,1280,1.02,88,88,2560,1280,0.04,197,178,34,8
1101,S_Longstaff,23,Midfielder,Newcastle United,England,688,355,333,9,4,5,1,1,0,0,0,0,0,0,3,3,0,8,1,7,2,0,0.13,0,0.13,0.25,0,688,1.05,86,76,344,0,0.26,135,263,-1,11
1102,S_Morrison,29,Defender,Cardiff City,England,3040,1600,1440,34,18,16,1,0,1,3,2,1,0,0,9,4,5,57,34,23,6,0,0.12,0.09,0.03,0,0.06,3040,1.69,53,89,507,1013,0.18,255,164,140,8
1103,S_PrÃ¶dl,33,Defender,Watford,Austria,13,0,13,1,0,1,0,0,0,0,0,0,0,0,1,0,1,0,0,0,0,0,0,0,0,0,0,0,0,0,13,0,0,0,-1,-1,-1,22
1104,S_Aurier,28,Defender,Tottenham Hotspur,CÃ´te d'Ivoire,564,136,428,8,2,6,0,0,0,2,0,2,0,0,3,0,3,9,2,7,1,0,0.32,0.32,0,0,0,0,1.44,63,71,564,282,0.16,351,15,108,27
1105,S_Aguero,32,Forward,Manchester City,Argentina,2480,1125,1355,33,16,17,21,15,6,8,5,3,2,0,19,8,11,15,8,7,3,0,1.05,0.29,0.76,1.2,0.4,118,0.54,165,75,827,310,0.11,1,28,-1,1
1106,S_GermÃ¡n_Romero,33,Goalkeeper,Manchester United,Argentina,0,0,0,0,0,0,0,0,0,0,0,0,0,0,0,0,0,0,0,0,0,0,0,0,0,0,0,0,0,0,0,0,0,0,-1,-1,-1,-1
1107,S_Rico,27,Goalkeeper,Fulham,Spain,2610,1350,1260,29,15,14,0,0,0,0,0,0,0,0,5,3,2,53,24,29,1,0,0,0,0,0,0,0,1.83,49,90,2610,0,0.03,320,406,153,21
1108,S_Duffy,29,Defender,Brighton & Hove Albion,Republic of Ireland,3088,1558,1530,35,18,17,5,2,3,1,1,0,0,0,7,5,2,51,23,28,5,1,0.17,0.03,0.15,0.12,0.18,618,1.49,61,88,515,3088,0.17,123,253,115,2
1109,S_Long,33,Forward,Southampton,Republic of Ireland,1269,629,640,26,15,11,5,3,2,1,1,0,0,0,5,2,3,20,7,13,3,0,0.43,0.07,0.35,0.43,0.28,254,1.42,63,49,423,1269,0.21,51,182,-1,4
1110,S_Okazaki,34,Forward,Leicester City,Japan,269,126,143,21,13,8,0,0,0,1,0,1,0,0,2,2,0,1,0,1,0,0,0.33,0.33,0,0,0,0,0.33,269,13,0,269,0,-1,-1,-1,19
1111,S_Mustafi,28,Defender,Arsenal,Germany,2617,1263,1354,31,15,16,2,0,2,0,0,0,0,0,6,5,1,36,12,24,9,0,0.07,0,0.07,0,0.13,1309,1.24,73,84,291,0,0.31,201,378,74,9
1112,S_Francis,35,Defender,AFC Bournemouth,England,1226,675,551,17,9,8,0,0,0,2,1,1,0,0,5,3,2,23,11,12,1,0,0.15,0.15,0,0,0,0,1.69,53,72,1226,613,0.07,360,99,138,26
1113,S_Mignolet,32,Goalkeeper,Liverpool,Belgium,0,0,0,0,0,0,0,0,0,0,0,0,0,0,0,0,0,0,0,0,0,0,0,0,0,0,0,0,0,0,0,0,0,0,-1,-1,-1,-1
1114,S_Papastathopoulos,32,Defender,Arsenal,Greece,2199,1119,1080,25,13,12,1,0,1,2,2,0,0,0,6,6,0,31,9,22,12,0,0.12,0.08,0.04,0,0.08,2199,1.27,71,88,183,1100,0.49,234,173,82,12
1115,S_March,26,Midfielder,Brighton & Hove Albion,England,2473,1153,1320,35,16,19,1,1,0,5,1,4,0,0,6,4,2,39,13,26,1,0,0.22,0.18,0.04,0.08,0,2473,1.42,63,71,2473,495,0.04,242,82,-1,11
1116,S_Bamba,35,Defender,Cardiff City,CÃ´te d'Ivoire,2475,1260,1215,28,14,14,4,2,2,1,1,0,0,0,7,4,3,46,23,23,7,0,0.18,0.04,0.15,0.14,0.15,619,1.67,54,88,354,2475,0.25,118,222,136,4
1117,S_Marius_Johansen,29,Midfielder,Fulham,Norway,412,130,282,12,5,7,0,0,0,0,0,0,0,0,0,0,0,11,1,10,4,0,0,0,0,0,0,0,2.4,37,34,103,0,0.87,318,401,-1,24
1118,S_Okaka,31,Forward,Watford,Italy,22,9,13,2,1,1,0,0,0,0,0,0,0,0,0,0,0,1,1,0,1,0,0,0,0,0,0,0,4.09,22,11,22,0,4.09,-1,-1,-1,16
1119,S_Lichtsteiner,36,Defender,Arsenal,Switzerland,940,408,532,14,7,7,0,0,0,0,0,0,0,0,2,2,0,18,4,14,3,0,0,0,0,0,0,0,1.72,52,67,313,0,0.29,387,407,147,25
1120,S_Ward,35,Defender,Burnley,Republic of Ireland,230,74,156,3,1,2,0,0,0,0,0,0,0,0,1,0,1,6,3,3,1,0,0,0,0,0,0,0,2.35,38,77,230,0,0.39,-1,-1,-1,20
1121,S_Cook,29,Defender,AFC Bournemouth,England,2787,1350,1437,31,15,16,1,0,1,1,0,1,0,0,9,6,3,53,17,36,3,0,0.06,0.03,0.03,0,0.06,2787,1.71,53,90,929,2787,0.1,254,243,145,9
1122,S_MouniÃ©,26,Forward,Huddersfield Town,Benin,1777,1009,768,31,16,15,2,2,0,3,1,2,0,0,5,3,2,34,15,19,2,1,0.25,0.15,0.1,0.18,0,889,1.72,52,57,592,592,0.15,168,90,-1,6
1123,S_Davis,36,Midfielder,Southampton,Northern Ireland,96,6,90,3,2,1,0,0,0,1,0,1,0,0,0,0,0,3,0,3,0,0,0.94,0.94,0,0,0,0,2.81,32,32,0,96,0,-1,-1,-1,22
1124,S_Defour,32,Midfielder,Burnley,Belgium,452,172,280,6,2,4,0,0,0,0,0,0,0,0,1,0,1,12,5,7,0,0,0,0,0,0,0,0,2.39,38,75,0,0,0,264,321,-1,14
1125,S_Armstrong,28,Midfielder,Southampton,Scotland,1432,469,963,29,11,18,3,1,2,2,1,1,0,0,4,1,3,23,8,15,2,0,0.31,0.13,0.19,0.19,0.19,477,1.45,62,49,716,716,0.13,98,114,-1,6
1126,S_Kaikai,25,Midfielder,Crystal Palace,England,0,0,0,0,0,0,0,0,0,0,0,0,0,0,0,0,0,0,0,0,0,0,0,0,0,0,0,0,0,0,0,0,0,0,-1,-1,-1,-1
1127,S-Yeung_Ki,31,Midfielder,Newcastle United,South Korea,1302,824,478,18,10,8,0,0,0,1,1,0,0,0,5,2,3,18,12,6,2,0,0.07,0.07,0,0,0,0,1.24,72,72,651,1302,0.14,349,179,-1,20
1128,T_Chong,21,Forward,Manchester United,Netherlands,36,0,36,2,1,1,0,0,0,0,0,0,0,0,0,0,0,1,0,1,0,0,0,0,0,0,0,0,2.5,36,18,0,0,0,-1,-1,-1,20
1129,T_Kongolo,26,Defender,Huddersfield Town,Netherlands,2722,1405,1317,32,17,15,1,0,1,1,0,1,0,0,4,3,1,62,27,35,4,0,0.07,0.03,0.03,0,0.07,2722,2.05,44,85,681,2722,0.13,261,236,165,10
1130,T_Walcott,31,Forward,Everton,England,2122,1114,1008,37,19,18,5,3,2,2,2,0,0,0,13,9,4,33,18,15,1,0,0.3,0.08,0.21,0.24,0.18,424,1.4,64,57,2122,1061,0.04,90,170,-1,4
1131,T_Ream,33,Defender,Fulham,USA,2051,943,1108,26,13,13,0,0,0,0,0,0,0,0,5,3,2,47,18,29,1,0,0,0,0,0,0,0,2.06,44,79,2051,0,0.04,265,320,167,12
1132,T_Eyoma,20,Defender,Tottenham Hotspur,England,0,0,0,0,0,0,0,0,0,0,0,0,0,0,0,0,0,0,0,0,0,0,0,0,0,0,0,0,0,0,0,0,0,0,-1,-1,-1,-1
1133,T_Fosu-Mensah,23,Defender,Fulham,Netherlands,795,499,296,12,6,6,0,0,0,0,0,0,0,0,1,1,0,18,9,9,3,0,0,0,0,0,0,0,2.04,44,66,265,0,0.34,319,408,164,22
1134,T_Alderweireldf,31,Defender,Tottenham Hotspur,Belgium,2924,1549,1375,34,18,16,0,0,0,0,0,0,0,0,12,6,6,28,15,13,3,0,0,0,0,0,0,0,0.86,104,86,975,0,0.09,356,275,20,20
1135,T_Cairney,29,Midfielder,Fulham,Scotland,2198,1107,1091,31,16,15,1,1,0,1,1,0,0,0,4,3,1,49,21,28,0,0,0.08,0.04,0.04,0.08,0,2198,2.01,45,71,0,2198,0,238,217,-1,10
1136,T_Cleverley,31,Midfielder,Watford,England,470,102,368,13,4,9,1,0,1,0,0,0,0,0,4,2,2,7,0,7,2,0,0.19,0,0.19,0,0.24,470,1.34,67,36,235,0,0.38,99,298,-1,11
1137,T_Davies,22,Midfielder,Everton,England,975,520,455,16,8,8,0,0,0,0,0,0,0,0,5,3,2,18,12,6,3,0,0,0,0,0,0,0,1.66,54,61,325,0,0.28,416,380,-1,18
1138,T_Heaton,34,Goalkeeper,Burnley,England,1710,900,810,19,10,9,0,0,0,0,0,0,0,0,4,3,1,23,10,13,3,0,0,0,0,0,0,0,1.21,74,90,570,0,0.16,382,354,68,18
1139,T_Smith,28,Defender,Huddersfield Town,England,1141,431,710,15,6,9,0,0,0,0,0,0,0,0,1,0,1,34,12,22,3,1,0,0,0,0,0,0,2.68,34,76,285,0,0.32,334,360,173,24
1140,T_Alexander-Arnold,22,Defender,Liverpool,England,2467,1266,1201,29,15,14,1,0,1,12,8,4,0,0,16,11,5,14,4,10,3,0,0.47,0.44,0.04,0,0.07,2467,0.51,176,85,822,206,0.11,233,6,6,13
1141,T_Deeney,32,Forward,Watford,England,2548,1298,1250,32,16,16,9,3,6,5,1,4,1,0,5,3,2,43,23,20,5,1,0.49,0.18,0.32,0.21,0.43,283,1.52,59,80,425,510,0.21,57,81,-1,2
1142,T_Browning,26,Defender,Everton,England,0,0,0,0,0,0,0,0,0,0,0,0,0,0,0,0,0,0,0,0,0,0,0,0,0,0,0,0,0,0,0,0,0,0,-1,-1,-1,-1
1143,T_Johnson,22,Defender,Southampton,England,0,0,0,1,1,0,0,0,0,0,0,0,0,0,0,0,0,0,0,0,0,0,0,0,0,0,0,0,0,0,0,0,0,0,-1,-1,-1,-1
1144,T_Mings,27,Defender,AFC Bournemouth,England,141,7,134,5,2,3,0,0,0,0,0,0,0,0,0,0,0,4,0,4,0,0,0,0,0,0,0,0,2.55,35,28,0,0,0,-1,-1,-1,23
1145,V_Guaita,33,Goalkeeper,Crystal Palace,Spain,1755,1035,720,20,12,8,0,0,0,0,0,0,0,0,7,5,2,21,12,9,2,0,0,0,0,0,0,0,1.08,84,88,878,0,0.1,325,352,45,19
1146,V_Iborra_De_La_Fuente,32,Midfielder,Leicester City,Spain,226,152,74,8,3,5,0,0,0,0,0,0,0,0,3,1,2,4,2,2,0,0,0,0,0,0,0,0,1.59,57,28,0,0,0,-1,-1,-1,14
1147,V­ctor_Camarasa,26,Midfielder,Cardiff City,Spain,2579,1267,1312,32,16,16,5,4,1,4,1,3,1,0,8,4,4,48,25,23,6,0,0.31,0.14,0.17,0.28,0.07,516,1.68,54,81,430,645,0.21,111,106,-1,1
1148,V_Moses,30,Midfielder,Chelsea,Nigeria,26,17,9,2,1,1,0,0,0,0,0,0,0,0,1,0,1,1,1,0,0,0,0,0,0,0,0,0,3.46,26,13,0,0,0,-1,-1,-1,23
1149,V_Nilsson_LindelÃ¶f,26,Defender,Manchester United,Sweden,2602,1112,1490,30,13,17,1,1,0,1,0,1,0,0,6,2,4,38,13,25,1,0,0.07,0.03,0.03,0.08,0,2602,1.31,68,87,2602,2602,0.03,263,246,88,14
1150,V_Wanyama,29,Midfielder,Tottenham Hotspur,Kenya,509,302,207,13,9,4,1,1,0,0,0,0,0,0,6,4,2,3,3,0,2,0,0.18,0,0.18,0.3,0,509,0.53,170,39,255,0,0.35,106,266,-1,11
1151,V_GyÃ¶keres,22,Forward,Brighton & Hove Albion,Sweden,0,0,0,0,0,0,0,0,0,0,0,0,0,0,0,0,0,0,0,0,0,0,0,0,0,0,0,0,0,0,0,0,0,0,-1,-1,-1,-1
1152,V_Janssen,26,Forward,Tottenham Hotspur,Netherlands,36,36,0,3,3,0,0,0,0,0,0,0,0,0,1,1,0,0,0,0,0,0,0,0,0,0,0,0,0,0,12,0,0,0,-1,-1,-1,28
1153,V_Kompany,34,Defender,Manchester City,Belgium,1223,561,662,17,8,9,1,1,0,0,0,0,0,0,7,3,4,7,3,4,6,0,0.07,0,0.07,0.16,0,1223,0.52,175,72,204,0,0.44,194,384,7,12
1154,V_van_Dijk,29,Defender,Liverpool,Netherlands,3385,1675,1710,38,19,19,4,2,2,2,1,1,0,0,21,12,9,19,8,11,1,0,0.16,0.05,0.11,0.11,0.11,846,0.51,178,89,3385,1693,0.03,152,201,5,6
1155,W_Hennessey,33,Goalkeeper,Crystal Palace,Wales,1575,675,900,18,8,10,0,0,0,0,0,0,0,0,5,2,3,23,8,15,0,0,0,0,0,0,0,0,1.31,68,88,0,0,0,321,404,87,13
1156,W_Morgan,36,Defender,Leicester City,Jamaica,1926,783,1143,22,9,13,3,1,2,0,0,0,0,0,6,3,3,24,9,15,5,2,0.14,0,0.14,0.11,0.16,642,1.12,80,88,385,0,0.23,125,300,48,6
1157,W_Hoedt,26,Defender,Southampton,Netherlands,1170,540,630,13,6,7,0,0,0,0,0,0,0,0,4,2,2,20,5,15,2,0,0,0,0,0,0,0,1.54,59,90,585,0,0.15,374,370,123,27
1158,W_Daniel_Caballero,39,Goalkeeper,Chelsea,Argentina,180,90,90,2,1,1,0,0,0,0,0,0,0,0,2,1,1,0,0,0,0,0,0,0,0,0,0,0,0,0,90,0,0,0,-1,-1,-1,19
1159,W_Zaha,28,Midfielder,Crystal Palace,CÃ´te d'Ivoire,3041,1347,1694,34,15,19,10,1,9,5,3,2,0,0,10,5,5,45,18,27,10,1,0.44,0.15,0.3,0.07,0.48,304,1.33,68,89,304,608,0.3,63,92,-1,2
1160,W_Hughes,25,Midfielder,Watford,England,2436,1251,1185,32,16,16,2,1,1,4,2,2,0,0,5,3,2,39,19,20,5,0,0.22,0.15,0.07,0.07,0.08,1218,1.44,62,76,487,609,0.18,199,91,-1,8
1161,W_Norris,27,Goalkeeper,Wolverhampton Wanderers,England,0,0,0,1,1,0,0,0,0,0,0,0,0,0,1,1,0,0,0,0,0,0,0,0,0,0,0,0,0,0,0,0,0,0,-1,-1,-1,-1
1162,W,32,Forward,Chelsea,Brazil,2108,833,1275,32,15,17,3,2,1,6,3,3,0,0,13,7,6,23,6,17,2,0,0.38,0.26,0.13,0.22,0.07,703,0.98,92,66,1054,351,0.09,132,36,-1,8
1163,W_Boly,29,Defender,Wolverhampton Wanderers,France,3169,1530,1639,36,17,19,4,2,2,0,0,0,0,0,8,6,2,38,17,21,3,1,0.11,0,0.11,0.12,0.11,792,1.08,83,88,792,0,0.11,148,312,43,4
1164,X_Shaqiri,29,Midfielder,Liverpool,Switzerland,1058,538,520,24,12,12,6,5,1,3,0,3,0,0,12,7,5,5,3,2,2,0,0.77,0.26,0.51,0.84,0.17,176,0.43,212,44,529,353,0.17,15,39,-1,4
1165,Y_Valery,21,Defender,Southampton,France,1715,1070,645,23,13,10,2,1,1,1,1,0,0,0,3,1,2,26,17,9,5,1,0.16,0.05,0.1,0.08,0.14,858,1.36,66,75,343,1715,0.26,162,214,95,7
1166,Y_Fernando_Mina_GonzÃ¡lez,26,Defender,Everton,Colombia,890,360,530,13,6,7,1,0,1,0,0,0,0,0,4,3,1,12,3,9,3,0,0.1,0,0.1,0,0.17,890,1.21,74,68,297,0,0.3,161,329,67,9
1167,Y_Muto,28,Forward,Newcastle United,Japan,516,180,336,17,8,9,1,0,1,0,0,0,0,0,5,1,4,10,3,7,1,0,0.17,0,0.17,0,0.27,516,1.74,52,30,516,0,0.17,113,290,-1,8
1223,Y_Tielemans,23,Midfielder,Leicester City,Belgium,1092,575,517,13,7,6,3,2,1,4,2,2,0,0,3,3,0,13,5,8,2,0,0.58,0.33,0.25,0.31,0.17,364,1.07,84,84,546,273,0.16,80,13,-1,4
1231,Y_Bissouma,24,Midfielder,Brighton & Hove Albion,Mali,1769,747,1022,28,13,15,0,0,0,0,0,0,0,0,5,4,1,30,14,16,5,0,0,0,0,0,0,0,1.53,59,63,354,0,0.25,402,293,-1,17
1243,Z_Medley,20,Defender,Arsenal,England,0,0,0,0,0,0,0,0,0,0,0,0,0,0,0,0,0,0,0,0,0,0,0,0,0,0,0,0,0,0,0,0,0,0,-1,-1,-1,-1
1256,Z_Steven_Sessegnon,20,Defender,Fulham,England,0,0,0,0,0,0,0,0,0,0,0,0,0,0,0,0,0,0,0,0,0,0,0,0,0,0,0,0,0,0,0,0,0,0,-1,-1,-1,-1
1297,Åukasz_FabiaÅ„ski,35,Goalkeeper,West Ham United,Poland,3420,1710,1710,38,19,19,0,0,0,0,0,0,0,0,7,4,3,48,23,25,0,0,0,0,0,0,0,0,1.26,71,90,0,0,0,391,343,81,19
